path,bytes,sha256
manuscript/data/training_testing_data/training_set.csv,562664,f8fb35640693e5e40d982a243a3e36937cf362a1efa2f1a4c68c61434b6d201e
manuscript/data/training_testing_data/development_test_set.csv,190159,a8ca2da1ee705447ab925577240c61d36c43f6443bc2ce858d1a40f043958dcf
manuscript/data/training_testing_data/prospective_test_set.csv,145646,5291f7ae0a80f7d4032da7bc30db8c9ef265aa184506b5f8601b89cf13075edb
manuscript/data/training_testing_data/prospective_test_set_no_calibration.csv,110791,4c20d43fe2a20b6fa96158a2e3e233129700327e5667efde5c7b0ecd076cb1eb
README.md,10587,dd682808fbdf9d5d2c16caaa997dfb0aec26e4ead78fe91aa6cec41427b04418
LICENSE,1068,0b75b44cf6b8ad5c83f77973e801466953b1e57e635d8cbe680e5cae1d7e8699
model_development/scripts/train.py,4702,adf2f8ddfe72a3cf5b88e081b140b4ae5eaedfeca971456daa23df3bd0953ab1
manuscript/scripts/ml_randomforest_model.py,19479,44e61a422397ce96c34989f1b3291e5de78460affc56638936b07e6e55df87dc
manuscript/scripts/evaluation_on_prospective_test_set.py,9541,c6260545592678d0d8556622be1b858a41569a51e9a9ab3c3dc106b626fee7a6
