Compound,Source herb,Scaffold class,Role,n poses,Mean score (kcal/mol),SD,Ligand eff. (kcal/mol·HA⁻¹),Heavy atoms,Dual-chain contact %,Strong cleft contact %,Pose repro. (low-RMSD sys %),Mean OPTN contacts,Mean TBK1 contacts,Mean dist res50 (Å),MW,cLogP,Lipinski viol.,PAINS flag
Coptisine,Coptidis Rhizoma (황련),protoberberine alkaloid,Main: top interface-adjacent candidate,64,-6.49,0.25,-0.271,24,95,84,75,3.4,2.8,8.2,320.3,2.81,0,no
Cryptotanshinone,Salviae Miltiorrhizae Radix (단삼),diterpene quinone,Exploratory scaffold (scaffold-bias caution),24,-6.19,0.32,-0.281,22,92,92,50,3.3,2.8,6.6,296.4,3.44,0,YES
Tanshinone IIA,Salviae Miltiorrhizae Radix (단삼),diterpene quinone,Exploratory scaffold (scaffold-bias caution),24,-6.11,0.36,-0.278,22,96,88,25,3.4,2.4,5.4,294.4,4.25,0,YES
Tanshinone I,Salviae Miltiorrhizae Radix (단삼),diterpene quinone,Conditional/supplementary,24,-6.01,0.36,-0.286,21,96,79,38,3.0,2.9,6.6,276.3,4.1,0,YES
Linarin,Buddlejae Flos (밀몽화),flavone glycoside,Glycoside size-bias / method case,64,-5.82,0.48,-0.138,42,100,97,0,4.7,4.8,5.5,592.6,-0.8,3,no
Acacetin,Buddlejae Flos (밀몽화),flavone aglycone,Linarin aglycone control,40,-5.56,0.37,-0.265,21,98,90,50,4.1,3.0,6.8,284.3,2.88,0,no
Berberine,Coptidis Rhizoma (황련),protoberberine alkaloid,Protoberberine reference,40,-5.8,0.11,-0.232,25,100,90,25,3.8,3.0,7.5,336.4,3.1,0,no
Quercetin,ubiquitous flavonoid,flavonol,PAINS/promiscuous control,40,-5.57,0.33,-0.253,22,100,88,0,4.7,3.0,5.5,302.2,1.99,0,YES
Amlexanox,synthetic drug,chromone carboxylic acid,TBK1 ATP-site reference,40,-5.39,0.41,-0.245,22,100,100,0,3.8,3.3,5.6,298.3,1.5,0,no
