rank	screen_priority_score	project_accession	species_labels	scientific_names	run_count	total_fastq_gb	total_fastq_bytes	total_read_count	total_base_count	estimated_mean_read_length	paired_runs	illumina_runs	fastq_available_runs	earliest_year	latest_year	unique_sample_titles	explicit_virus_target	priority_reasons	sample_title_examples	centers	countries	run_accessions	search_text
1	101.644	SRP528589	Astragalus membranaceus	Astragalus mongholicus	4	11.806	11806157472	96760134	29028040200	300.0	4	4	4	2024	2024	4	False	replicated tractable run count; download size suitable; mostly paired-end; long Illumina reads; recent release; not explicitly virus-targeted; all FASTQ URLs available; multiple biological/sample labels	0h-1 || 12h-2 || 24h-3 || 48h-4	SUB14684657	China:Shanxi	SRR30397755;SRR30397756;SRR30397757;SRR30397758	Astragalus mongholicus Transcriptome or Gene expression | Illumina NovaSeq 6000 sequencing: 48h-4 | 48h-4 | 48h-4 | Astragalus mongholicus Transcriptome or Gene expression | Illumina NovaSeq 6000 sequencing: 24h-3 | 24h-3 | 24h-3 | Astragalus mongholicus Transcriptome or Gene expression | Illumina NovaSeq 6000 sequencing: 12h-2 | 12h-2 | 12h-2 | Astragalus mongholicus Transcriptome or Gene expression | Illumina NovaSeq 6000 sequencing: 0h-1 | 0h-1 | 0h-1
2	101.0	DRP016686	Cordyceps militaris	Cordyceps militaris	3	4.593	4593034247	68626142	20725094884	302.0	3	3	3	2026	2026	3	False	replicated tractable run count; download size suitable; mostly paired-end; long Illumina reads; recent release; not explicitly virus-targeted; all FASTQ URLs available; multiple biological/sample labels	WT (SAMC5994100) || ozf (SAMC5994101) || wc-1 (SAMC5994102)	Chongqing University of education	missing: data agreement established pre-2023	DRR872991;DRR872992;DRR872993	Transcriptome Data of Cordyceps militaris ozf and wc-1 Mutants (PRJCA048273) | Illumina HiSeq 2500 paired end sequencing: WT (CRX2069199 CRA031452) | WT (SAMC5994100) | WT (SAMC5994100) | Transcriptome Data of Cordyceps militaris ozf and wc-1 Mutants (PRJCA048273) | Illumina HiSeq 2500 paired end sequencing: ozf (CRX2069200 CRA031452) | ozf (SAMC5994101) | ozf (SAMC5994101) | Transcriptome Data of Cordyceps militaris ozf and wc-1 Mutants (PRJCA048273) | Illumina HiSeq 2500 paired end sequencing: wc1 (CRX2069201 CRA031452) | wc-1 (SAMC5994102) | wc-1 (SAMC5994102)
3	101.0	SRP348858	Morus alba	Morus alba	3	9.21	9209703281	67306059	20191817700	300.0	3	3	3	2025	2025	3	False	replicated tractable run count; download size suitable; mostly paired-end; long Illumina reads; recent release; not explicitly virus-targeted; all FASTQ URLs available; multiple biological/sample labels	Leaf_3_2 || Leaf_CK_2 || Leaf_CK_3	SUB10748284	China:Jinan	SRR17090438;SRR17090440;SRR17090441	Mulberry insect resistant transcriptome | Illumina HiSeq 4000 sequencing: Leaf2_2 | Leaf_3_2 | Leaf5 | Mulberry insect resistant transcriptome | Illumina HiSeq 4000 sequencing: Leaf1_3 | Leaf_CK_3 | Leaf3 | Mulberry insect resistant transcriptome | Illumina HiSeq 4000 sequencing: Leaf1_2 | Leaf_CK_2 | Leaf2
4	100.17	SRP494660	Houttuynia cordata	Houttuynia cordata	2	4.453	4452627053	39638692	11890636136	299.98	2	2	2	2024	2024	2	False	replicated tractable run count; download size suitable; mostly paired-end; long Illumina reads; recent release; not explicitly virus-targeted; all FASTQ URLs available; multiple biological/sample labels	Leaf transcriptome data || Root transcriptome data	SUB14306381	Hong Kong	SRR28296052;SRR28296053	Houttuynia cordata isolate:field collection Genome sequencing | Illumina NovaSeq 6000 sequencing: RNA-seq of root | Root transcriptome data | Root transcriptome data | Houttuynia cordata isolate:field collection Genome sequencing | Illumina NovaSeq 6000 sequencing: RNA-seq of leaf | Leaf transcriptome data | Leaf transcriptome data
5	100.17	SRP527334	Cordyceps militaris	Cordyceps militaris	2	6.996	6996343263	46736439	14020931700	300.0	2	2	2	2025	2025	2	False	replicated tractable run count; download size suitable; mostly paired-end; long Illumina reads; recent release; not explicitly virus-targeted; all FASTQ URLs available; multiple biological/sample labels	Microbe sample from Cordyceps militaris || Microbe sample from Cordyceps militaris2	SUB14670543	Thailand	SRR30296675;SRR30296676	Cordyceps militaris strain:TBRC6039 Raw sequence reads | Illumina NovaSeq 6000 sequencing: Light_2_RNA_Seq of Cordyceps militaris: Light condition | Microbe sample from Cordyceps militaris2 | Microbe sample from Cordyceps militaris2 | Cordyceps militaris strain:TBRC6039 Raw sequence reads | Illumina NovaSeq 6000 sequencing: Light_1_RNA_Seq of Cordyceps militaris: Light condition | Microbe sample from Cordyceps militaris | Microbe sample from Cordyceps militaris
6	100.17	SRP558993	Ziziphus jujuba	Ziziphus jujuba	2	9.33	9329744969	54572055	16371616500	300.0	2	2	2	2025	2025	2	False	replicated tractable run count; download size suitable; mostly paired-end; long Illumina reads; recent release; not explicitly virus-targeted; all FASTQ URLs available; multiple biological/sample labels	DZCK1 || DZT1	SUB15007778	China:Shandong	SRR32076165;SRR32076166	Transcriptome of Ziziphus jujuba | Illumina HiSeq X sequencing: 3DZT-1 | DZT1 | DZT1 | Transcriptome of Ziziphus jujuba | Illumina HiSeq X sequencing: 1DZCK-1 | DZCK1 | DZCK1
7	99.401	SRP718759	Salvia miltiorrhiza	Salvia miltiorrhiza	12	8.453	8453497141	59146597	17550586646	296.73	12	12	3	2026	2026	12	False	replicated tractable run count; download size suitable; mostly paired-end; long Illumina reads; recent release; not explicitly virus-targeted; multiple biological/sample labels	1 || 10 || 11 || 12 || 2 || 3 || 4 || 5	SUB16331717	China: Yangling	SRR39676924;SRR39676925;SRR39676926;SRR39676927;SRR39676928;SRR39676929;SRR39676930;SRR39676931;SRR39676932;SRR39676933;SRR39676934;SRR39676935	Transcriptome sequencing of Salvia miltiorrhiza hairy roots treated with lipopolysaccharide | Illumina NovaSeq 6000 sequencing: 10 | 10 | 10 | Transcriptome sequencing of Salvia miltiorrhiza hairy roots treated with lipopolysaccharide | Illumina NovaSeq 6000 sequencing: 9 | 9 | 9 | Transcriptome sequencing of Salvia miltiorrhiza hairy roots treated with lipopolysaccharide | Illumina NovaSeq 6000 sequencing: 8 | 8 | 8 | Transcriptome sequencing of Salvia miltiorrhiza hairy roots treated with lipopolysaccharide | Illumina NovaSeq 6000 sequencing: 7 | 7 | 7 | Transcriptome sequencing of Salvia miltiorrhiza hairy roots treated with lipopolysaccharide | Illumina NovaSeq 6000 sequencing: 6 | 6 | 6 | Transcriptome sequencing of Salvia miltiorrhiza hairy roots treated with lipopolysaccharide | Illumina NovaSeq 6000 sequencing: 5 | 5 | 5 | Transcriptome sequencing of Salvia miltiorrhiza hairy roots treated with lipopolysaccharide | Illumina NovaSeq 6000 sequencing: 4 | 4 | 4 | Transcriptome sequencing of Salvia miltiorrhiza hairy roots treated with lipopolysaccharide | Illumina NovaSeq 6000 sequencing: 3 | 3 | 3 | Transcriptome sequencing of Salvia miltiorrhiza hairy roots treated with lipopolysaccharide | Illumina NovaSeq 6000 sequencing: 12 | 12 | 12 | Transcriptome sequencing of Salvia miltiorrhiza hairy roots treated with lipopolysaccharide | Illumina NovaSeq 6000 sequencing: 11 | 11 | 11 | Transcriptome sequencing of Salvia miltiorrhiza hairy roots treated with lipopolysaccharide | Illumina NovaSeq 6000 sequencing: 2 | 2 | 2 | Transcriptome sequencing of Salvia miltiorrhiza hairy roots treated with lipopolysaccharide | Illumina NovaSeq 6000 sequencing: 1 | 1 | 1
8	97.615	SRP718762	Salvia miltiorrhiza	Salvia miltiorrhiza	6	5.199	5198841357	39964458	11805092252	295.39	6	6	2	2026	2026	6	False	replicated tractable run count; download size suitable; mostly paired-end; long Illumina reads; recent release; not explicitly virus-targeted; multiple biological/sample labels	1 || 2 || 3 || 4 || 5 || 6	SUB16337119	China: Yangling	SRR39677244;SRR39677245;SRR39677246;SRR39677247;SRR39677248;SRR39677249	Transcriptome sequencing of SmWRKY17-overexpressing Salvia miltiorrhiza hairy roots | Illumina NovaSeq 6000 sequencing: 6 | 6 | 6 | Transcriptome sequencing of SmWRKY17-overexpressing Salvia miltiorrhiza hairy roots | Illumina NovaSeq 6000 sequencing: 5 | 5 | 5 | Transcriptome sequencing of SmWRKY17-overexpressing Salvia miltiorrhiza hairy roots | Illumina NovaSeq 6000 sequencing: 4 | 4 | 4 | Transcriptome sequencing of SmWRKY17-overexpressing Salvia miltiorrhiza hairy roots | Illumina NovaSeq 6000 sequencing: 3 | 3 | 3 | Transcriptome sequencing of SmWRKY17-overexpressing Salvia miltiorrhiza hairy roots | Illumina NovaSeq 6000 sequencing: 2 | 2 | 2 | Transcriptome sequencing of SmWRKY17-overexpressing Salvia miltiorrhiza hairy roots | Illumina NovaSeq 6000 sequencing: 1 | 1 | 1
9	97.0	SRP515193	Gardenia jasminoides	Gardenia jasminoides	2	7.634	7633528768	56243356	16807231774	298.83	2	2	2	2025	2025	0	False	replicated tractable run count; download size suitable; mostly paired-end; long Illumina reads; recent release; not explicitly virus-targeted; all FASTQ URLs available		SUB14552334	China:Wenzhou	SRR29484294;SRR29484295	Gardenia jasminoides Raw sequence reads | Illumina NovaSeq 6000 sequencing: RNA-Seq of leafs :Gardenia jasminoides | Biological replicate 2 | Gardenia jasminoides Raw sequence reads | Illumina NovaSeq 6000 sequencing: RNA-Seq of leafs :Gardenia jasminoides | Biological replicate 1
10	97.0	SRP578921	Astragalus membranaceus	Astragalus membranaceus	3	7.962	7961658554	66615393	20117848686	302.0	3	3	3	2025	2025	0	False	replicated tractable run count; download size suitable; mostly paired-end; long Illumina reads; recent release; not explicitly virus-targeted; all FASTQ URLs available		SUB15019416	China:Hebei	SRR33154823;SRR33154826;SRR33154830	RNA-seq of Astragalus membranaceus: roots | Illumina NovaSeq 6000 sequencing: RNAseq of Astragalus membranaceus | RNA-seq of Astragalus membranaceus: roots | Illumina NovaSeq 6000 sequencing: RNAseq of Astragalus membranaceus | RNA-seq of Astragalus membranaceus: roots | Illumina NovaSeq 6000 sequencing: RNAseq of Astragalus membranaceus
11	97.0	SRP482360	Forsythia suspensa	Forsythia suspensa	2	8.115	8114732709	59485422	17964597444	302.0	2	2	2	2025	2025	0	False	replicated tractable run count; download size suitable; mostly paired-end; long Illumina reads; recent release; not explicitly virus-targeted; all FASTQ URLs available		SUB14115843	China:Henan	SRR27452192;SRR27452200	Transcriptome sequencing of forsythia tissue culture seedlings | Illumina HiSeq 4000 sequencing: Transcriptome sequencing of forsythia tissue culture seedlings | Biological repeat 1 | Transcriptome sequencing of forsythia tissue culture seedlings | Illumina HiSeq 4000 sequencing: Transcriptome sequencing of forsythia tissue culture seedlings | Biological repeat 1
12	97.0	SRP269899	Coptis chinensis	Coptis chinensis	3	8.649	8649411597	63344019	19003205700	300.0	3	3	3	2024	2024	1	False	replicated tractable run count; download size suitable; mostly paired-end; long Illumina reads; recent release; not explicitly virus-targeted; all FASTQ URLs available	Plant sample from Coptis chinensis	SUB7714147	China:meishan	SRR12142680;SRR12142681;SRR12142682	three species including C. chinensis, C. teeta and C. omeiensis Raw sequence reads | Illumina HiSeq 2500 sequencing: RNA-Seq of C. chinensis: four year | Plant sample from Coptis chinensis | Plant sample from Coptis chinensis | three species including C. chinensis, C. teeta and C. omeiensis Raw sequence reads | Illumina HiSeq 2500 sequencing: RNA-Seq of C. chinensis: four year | Plant sample from Coptis chinensis | Plant sample from Coptis chinensis | three species including C. chinensis, C. teeta and C. omeiensis Raw sequence reads | Illumina HiSeq 2500 sequencing: RNA-Seq of C. chinensis: four year | Plant sample from Coptis chinensis | Plant sample from Coptis chinensis
13	97.0	SRP495917	Bupleurum chinense	Bupleurum chinense	3	8.694	8694127476	62344472	18669652930	299.46	3	3	3	2024	2024	1	False	replicated tractable run count; download size suitable; mostly paired-end; long Illumina reads; recent release; not explicitly virus-targeted; all FASTQ URLs available	Plant sample from Bupleurum chinense	SUB14315976	China	SRR28365475;SRR28365476;SRR28365477	Bupleurum chinense Raw sequence reads | Illumina NovaSeq 6000 sequencing: RNA-seq of Bupleurum chinense DC. | Plant sample from Bupleurum chinense | Plant sample from Bupleurum chinense | Bupleurum chinense Raw sequence reads | Illumina NovaSeq 6000 sequencing: RNA-seq of Bupleurum chinense DC. | Plant sample from Bupleurum chinense | Plant sample from Bupleurum chinense | Bupleurum chinense Raw sequence reads | Illumina NovaSeq 6000 sequencing: RNA-seq of Bupleurum chinense DC. | Plant sample from Bupleurum chinense | Plant sample from Bupleurum chinense
14	97.0	SRP521111	Bupleurum chinense	Bupleurum chinense	3	8.694	8694123883	62344472	18669652930	299.46	3	3	3	2024	2024	1	False	replicated tractable run count; download size suitable; mostly paired-end; long Illumina reads; recent release; not explicitly virus-targeted; all FASTQ URLs available	Plant sample from Bupleurum chinense	SUB14612194	China	SRR29898476;SRR29898477;SRR29898478	Bupleurum chinense Raw sequence reads | Illumina NovaSeq 6000 sequencing: RNA-seq of Bupleurum chinense DC. | Plant sample from Bupleurum chinense | Plant sample from Bupleurum chinense | Bupleurum chinense Raw sequence reads | Illumina NovaSeq 6000 sequencing: RNA-seq of Bupleurum chinense DC. | Plant sample from Bupleurum chinense | Plant sample from Bupleurum chinense | Bupleurum chinense Raw sequence reads | Illumina NovaSeq 6000 sequencing: RNA-seq of Bupleurum chinense DC. | Plant sample from Bupleurum chinense | Plant sample from Bupleurum chinense
15	97.0	SRP608717	Morus alba	Morus alba	4	8.695	8695273476	68401980	20434316753	298.74	4	4	4	2025	2025	1	False	replicated tractable run count; download size suitable; mostly paired-end; long Illumina reads; recent release; not explicitly virus-targeted; all FASTQ URLs available	Plant sample from Morus alba	SUB15583846	China: Yulin	SRR35205927;SRR35205928;SRR35205929;SRR35205930	Development of InDel Markers Associated with Leaf Protein Content in Mulberry Based on Whole-Genome Resequencing | Illumina NovaSeq X Plus sequencing: QS | Plant sample from Morus alba | Plant sample from Morus alba | Development of InDel Markers Associated with Leaf Protein Content in Mulberry Based on Whole-Genome Resequencing | Illumina NovaSeq X Plus sequencing: SDZ | Plant sample from Morus alba | Plant sample from Morus alba | Development of InDel Markers Associated with Leaf Protein Content in Mulberry Based on Whole-Genome Resequencing | Illumina NovaSeq X Plus sequencing: SQ | Plant sample from Morus alba | Plant sample from Morus alba | Development of InDel Markers Associated with Leaf Protein Content in Mulberry Based on Whole-Genome Resequencing | Illumina NovaSeq X Plus sequencing: NHJ | Plant sample from Morus alba | Plant sample from Morus alba
16	97.0	SRP609228	Paeonia lactiflora	Paeonia lactiflora	3	8.98	8980391336	65044838	19513451400	300.0	3	3	3	2025	2025	1	False	replicated tractable run count; download size suitable; mostly paired-end; long Illumina reads; recent release; not explicitly virus-targeted; all FASTQ URLs available	Plant sample from Paeonia lactiflora	SUB15541730	China:Yangzhou	SRR35006997;SRR35006998;SRR35006999	Transcriptome of drought-stressed herbaceous peony (Paeonia lactiflora) | Illumina HiSeq 2500 sequencing: paeonia lactiflora leaves transcriptome | Plant sample from Paeonia lactiflora | Plant sample from Paeonia lactiflora | Transcriptome of drought-stressed herbaceous peony (Paeonia lactiflora) | Illumina HiSeq 2500 sequencing: paeonia lactiflora leaves transcriptome | Plant sample from Paeonia lactiflora | Plant sample from Paeonia lactiflora | Transcriptome of drought-stressed herbaceous peony (Paeonia lactiflora) | Illumina HiSeq 2500 sequencing: paeonia lactiflora leaves transcriptome | Plant sample from Paeonia lactiflora | Plant sample from Paeonia lactiflora
17	97.0	SRP298169	Ziziphus jujuba	Ziziphus jujuba	2	9.22	9220080892	76330094	22686697528	297.22	2	2	2	2024	2024	1	False	replicated tractable run count; download size suitable; mostly paired-end; long Illumina reads; recent release; not explicitly virus-targeted; all FASTQ URLs available	Jujube	SUB8710172	missing	SRR13260174;SRR13260175	Small RNA sequencing and RNA-seq | HiSeq X Ten sequencing: RNA-seq | Jujube | Jujube | Small RNA sequencing and RNA-seq | HiSeq X Ten sequencing: RNA-seq | Jujube | Jujube
18	95.17	SRP417456	Zingiber officinale	Zingiber officinale	2	4.571	4570951621	46119107	13835732100	300.0	2	2	2	2023	2023	2	False	replicated tractable run count; download size suitable; mostly paired-end; long Illumina reads; not explicitly virus-targeted; all FASTQ URLs available; multiple biological/sample labels	Conventionally propagated cultivar || Fusarium oxysporum f. sp. zingiberi tolerant plants	SUB12515620	India: Nauni, Solan, Himachal Pradesh	SRR23080301;SRR23080302	Differential transcriptome analysis of in vitro mutagenized Fusarium tolerants plants of ginger cv. Himgiri | Illumina NovaSeq 6000 sequencing: Fusarium oxysporum f. sp. zingiberi tolerant plants | Fusarium oxysporum f. sp. zingiberi tolerant plants | Fusarium oxysporum f. sp. zingiberi tolerant plants | Differential transcriptome analysis of in vitro mutagenized Fusarium tolerants plants of ginger cv. Himgiri | Illumina NovaSeq 6000 sequencing: Conventionally propagated cultivar | Conventionally propagated cultivar | Conventionally propagated cultivar
19	95.17	SRP458270	Panax ginseng	Panax ginseng	2	5.736	5735955223	67728493	13681155586	202.0	2	2	2	2023	2023	2	False	replicated tractable run count; download size suitable; mostly paired-end; long Illumina reads; not explicitly virus-targeted; all FASTQ URLs available; multiple biological/sample labels	Ginseng control || Ginsseng heat shock treatment	SUB13814276	South Korea	SRR25895425;SRR25895426	Transcriptome analysis of Panax ginseng after heat shock treatment | Illumina NovaSeq 6000 sequencing: 1 hr heat | Ginsseng heat shock treatment | Ginsseng heat shock treatment | Transcriptome analysis of Panax ginseng after heat shock treatment | Illumina NovaSeq 6000 sequencing: Control | Ginseng control | Ginseng control
20	95.17	SRP304056	Curcuma longa	Curcuma longa	2	10.201	10201237772	94182167	18836433400	200.0	2	2	2	2022	2022	2	False	replicated tractable run count; download size suitable; mostly paired-end; long Illumina reads; not explicitly virus-targeted; all FASTQ URLs available; multiple biological/sample labels	Plant sample from Curcuma longa || Plant sample from Curcuma longa under nutrient stress	SUB8877594; SUB9003311	India	SRR13594120;SRR13644832	Curcuma longa (IISR Prathibha) transcriptome | Illumina HiSeq 2500 sequencing: RNA-Seq of IISR Prathibha | Plant sample from Curcuma longa | four month old Rhizome sample from Curcuma longa (IISR Prathibha) | Curcuma longa (IISR Prathibha) transcriptome | Illumina HiSeq 2500 sequencing: RNA-Seq of IISR Prathibha (under nutrient stress) | Plant sample from Curcuma longa under nutrient stress | Plant sample from Curcuma longa under nutrient stress
21	95.17	SRP324942	Panax notoginseng; Panax quinquefolius	Panax notoginseng; Panax quinquefolius	6	11.513	11513493909	67619738	19862703182	293.74	6	6	6	2022	2022	2	False	replicated tractable run count; download size suitable; mostly paired-end; long Illumina reads; not explicitly virus-targeted; all FASTQ URLs available; multiple biological/sample labels	Plant sample from Panax notoginseng || Plant sample from Panax quinquefolius	SUB9883620		SRR14874111;SRR14874112;SRR14874113;SRR14874114;SRR14874115;SRR14874116	Panax species RNA-seq | NextSeq 500 sequencing: PN adventitious root | Plant sample from Panax notoginseng | Plant sample from Panax notoginseng | Panax species RNA-seq | NextSeq 500 sequencing: PN adventitious root | Plant sample from Panax notoginseng | Plant sample from Panax notoginseng | Panax species RNA-seq | NextSeq 500 sequencing: PN adventitious root | Plant sample from Panax notoginseng | Plant sample from Panax notoginseng | Panax species RNA-seq | NextSeq 500 sequencing: PQ adventitious root | Plant sample from Panax quinquefolius | Plant sample from Panax quinquefolius | Panax species RNA-seq | NextSeq 500 sequencing: PQ adventitious root | Plant sample from Panax quinquefolius | Plant sample from Panax quinquefolius | Panax species RNA-seq | NextSeq 500 sequencing: PQ adventitious root | Plant sample from Panax quinquefolius | Plant sample from Panax quinquefolius
22	93.667	SRP511050	Curcuma longa	Curcuma longa	3	6.539	6538699179	71876806	19329896166	268.93	2	3	3	2024	2024	1	False	replicated tractable run count; download size suitable; long Illumina reads; recent release; not explicitly virus-targeted; all FASTQ URLs available	Plant sample from Curcuma longa	SUB14478988	India: Pusa, Samastipur; India: Samastipur, Pusa	SRR29248950;SRR29248951;SRR29248952	Curcuma longa transcriptome | Illumina NovaSeq 6000 sequencing: Rajendra Sonali-4M_RNA_seq of curcuma longa: 4 month from days of planting | Plant sample from Curcuma longa | Rajendra sonali leaf collected at 6 month from days of planting | Curcuma longa transcriptome | Illumina NovaSeq 6000 sequencing: NH-6M_RNA_seq of curcuma longa: 6 month from days of planting | Plant sample from Curcuma longa | Narendra Haldi leaf collected at 6 month from days of planting | Curcuma longa transcriptome | Illumina NovaSeq 6000 sequencing: Narendra haldi-4M_RNA_seq of curcuma longa: 4 month from days of planting | Plant sample from Curcuma longa | Narendra Haldi leaf at four month old
23	92.0	SRP451694	Cordyceps militaris	Cordyceps militaris	2	4.851	4851054641	44323679	13297103700	300.0	2	2	2	2023	2023	1	False	replicated tractable run count; download size suitable; mostly paired-end; long Illumina reads; not explicitly virus-targeted; all FASTQ URLs available	Cordyceps militaris Raw sequence reads	SUB13711907	China	SRR25434664;SRR25434665	Cordyceps militaris Assembly | Illumina NovaSeq 6000 sequencing: CordycepsmilitarisRawsequencereads | Cordyceps militaris Raw sequence reads | Cordyceps militaris Raw sequence reads | Cordyceps militaris Assembly | Illumina NovaSeq 6000 sequencing: CordycepsmilitarisRawsequencereads | Cordyceps militaris Raw sequence reads | Cordyceps militaris Raw sequence reads
24	92.0	SRP350849	Angelica sinensis	Angelica sinensis	9	5.336	5335833269	40438261	12131478300	300.0	9	9	9	2022	2022	1	False	replicated tractable run count; download size suitable; mostly paired-end; long Illumina reads; not explicitly virus-targeted; all FASTQ URLs available	Plant sample from Angelica sinensis	SUB10802739	China:Gansu	SRR17235563;SRR17235564;SRR17235565;SRR17235566;SRR17235567;SRR17235568;SRR17235569;SRR17235570;SRR17235571	Angelica sinensis Raw sequence reads | Illumina NovaSeq 6000 sequencing: RNA-Seq of Angelica sinensis | Plant sample from Angelica sinensis | Plant sample from Angelica sinensis | Angelica sinensis Raw sequence reads | Illumina NovaSeq 6000 sequencing: RNA-Seq of Angelica sinensis | Plant sample from Angelica sinensis | Plant sample from Angelica sinensis | Angelica sinensis Raw sequence reads | Illumina NovaSeq 6000 sequencing: RNA-Seq of Angelica sinensis | Plant sample from Angelica sinensis | Plant sample from Angelica sinensis | Angelica sinensis Raw sequence reads | Illumina NovaSeq 6000 sequencing: RNA-Seq of Angelica sinensis | Plant sample from Angelica sinensis | Plant sample from Angelica sinensis | Angelica sinensis Raw sequence reads | Illumina NovaSeq 6000 sequencing: RNA-Seq of Angelica sinensis | Plant sample from Angelica sinensis | Plant sample from Angelica sinensis | Angelica sinensis Raw sequence reads | Illumina NovaSeq 6000 sequencing: RNA-Seq of Angelica sinensis | Plant sample from Angelica sinensis | Plant sample from Angelica sinensis | Angelica sinensis Raw sequence reads | Illumina NovaSeq 6000 sequencing: RNA-Seq of Angelica sinensis | Plant sample from Angelica sinensis | Plant sample from Angelica sinensis | Angelica sinensis Raw sequence reads | Illumina NovaSeq 6000 sequencing: RNA-Seq of Angelica sinensis | Plant sample from Angelica sinensis | Plant sample from Angelica sinensis | Angelica sinensis Raw sequence reads | Illumina NovaSeq 6000 sequencing: RNA-Seq of Angelica sinensis | Plant sample from Angelica sinensis | Plant sample from Angelica sinensis
25	92.0	SRP377702	Panax notoginseng	Panax notoginseng	2	5.456	5455605663	44912826	12590863669	280.34	2	2	2	2022	2022	1	False	replicated tractable run count; download size suitable; mostly paired-end; long Illumina reads; not explicitly virus-targeted; all FASTQ URLs available	Plant sample from Panax notoginseng	SUB11545698	China:Yunnan	SRR19449842;SRR19449843	Panax notoginseng Raw sequence reads | Illumina NovaSeq 6000 sequencing: RNA-Seq of healthy Panax notoginseng Leaves | Plant sample from Panax notoginseng | Plant sample from Panax notoginseng | Panax notoginseng Raw sequence reads | Illumina NovaSeq 6000 sequencing: RNA-Seq of Panax notoginseng Leaves with Chlorosis Symptoms | Plant sample from Panax notoginseng | Plant sample from Panax notoginseng
26	92.0	SRP345349	Sanghuangporus/Phellinus	Sanghuangporus sanghuang	2	5.782	5782035314	44727980	13360206944	298.7	2	2	2	2021	2023	1	False	replicated tractable run count; download size suitable; mostly paired-end; long Illumina reads; not explicitly virus-targeted; all FASTQ URLs available	Microbe sample from Sanghuangporus sanghuang	SUB10611119; SUB10645673	China: Guizhou	SRR16883316;SRR16954727	Sanghuangporus sanghuang Transcriptome or Gene expression | Illumina NovaSeq 6000 sequencing: Second generation sequencing of Sanghuangporus sanghuang transcriptome | Microbe sample from Sanghuangporus sanghuang | Microbe sample from Sanghuangporus sanghuang | Sanghuangporus sanghuang Transcriptome or Gene expression | Illumina NovaSeq 6000 sequencing: Second generation sequencing of Sanghuangporus sanghuang transcriptome | Microbe sample from Sanghuangporus sanghuang | Microbe sample from Sanghuangporus sanghuang
27	92.0	SRP345347	Sanghuangporus/Phellinus	Sanghuangporus sanghuang	2	5.796	5795951791	44495771	13308792104	299.1	2	2	2	2021	2023	1	False	replicated tractable run count; download size suitable; mostly paired-end; long Illumina reads; not explicitly virus-targeted; all FASTQ URLs available	Microbe sample from Sanghuangporus sanghuang	SUB10611119; SUB10645673	China: Guizhou	SRR16883318;SRR16954729	Sanghuangporus sanghuang Transcriptome or Gene expression | Illumina NovaSeq 6000 sequencing: Second generation sequencing of Sanghuangporus sanghuang transcriptome | Microbe sample from Sanghuangporus sanghuang | Microbe sample from Sanghuangporus sanghuang | Sanghuangporus sanghuang Transcriptome or Gene expression | Illumina NovaSeq 6000 sequencing: Second generation sequencing of Sanghuangporus sanghuang transcriptome | Microbe sample from Sanghuangporus sanghuang | Microbe sample from Sanghuangporus sanghuang
28	92.0	SRP345352	Sanghuangporus/Phellinus	Sanghuangporus sanghuang	2	5.824	5824111063	44727980	13360206944	298.7	2	2	2	2021	2023	1	False	replicated tractable run count; download size suitable; mostly paired-end; long Illumina reads; not explicitly virus-targeted; all FASTQ URLs available	Microbe sample from Effect of fungal polysaccharide elicitor on Sanghuangporus sanghuang transcriptome	SUB10611119; SUB10645673	China: Guizhou	SRR16883317;SRR16954726	Sanghuangporus sanghuang Transcriptome or Gene expression | Illumina NovaSeq 6000 sequencing: Second generation sequencing of Sanghuangporus sanghuang transcriptome | Microbe sample from Effect of fungal polysaccharide elicitor on Sanghuangporus sanghuang transcriptome | Microbe sample from Effect of fungal polysaccharide elicitor on Sanghuangporus sanghuang transcriptome | Sanghuangporus sanghuang Transcriptome or Gene expression | Illumina NovaSeq 6000 sequencing: Second generation sequencing of Sanghuangporus sanghuang transcriptome | Microbe sample from Effect of fungal polysaccharide elicitor on Sanghuangporus sanghuang transcriptome | Microbe sample from Effect of fungal polysaccharide elicitor on Sanghuangporus sanghuang transcriptome
29	92.0	SRP345350	Sanghuangporus/Phellinus	Sanghuangporus sanghuang	2	6.217	6217062497	47988144	14334911440	298.72	2	2	2	2021	2023	1	False	replicated tractable run count; download size suitable; mostly paired-end; long Illumina reads; not explicitly virus-targeted; all FASTQ URLs available	Microbe sample from Sanghuangporus sanghuang	SUB10611119; SUB10645673	China: Guizhou	SRR16883315;SRR16954728	Sanghuangporus sanghuang Transcriptome | Illumina NovaSeq 6000 sequencing: Second generation sequencing of Sanghuangporus sanghuang transcriptome | Microbe sample from Sanghuangporus sanghuang | Microbe sample from Sanghuangporus sanghuang | Sanghuangporus sanghuang Transcriptome | Illumina NovaSeq 6000 sequencing: Second generation sequencing of Sanghuangporus sanghuang transcriptome | Microbe sample from Sanghuangporus sanghuang | Microbe sample from Sanghuangporus sanghuang
30	92.0	SRP354890	Artemisia annua	Artemisia annua	2	6.461	6461031914	46872278	14061683400	300.0	2	2	2	2023	2023	1	False	replicated tractable run count; download size suitable; mostly paired-end; long Illumina reads; not explicitly virus-targeted; all FASTQ URLs available	Plant sample from Artemisia annua	SUB10946175	China:Nanjing	SRR17604017;SRR17604018	A transcriptome data of self-rooted, self-grafted, and hetero-grafted chrysanthemum | HiSeq X Ten sequencing: Artemisia annua | Plant sample from Artemisia annua | Plant sample from Artemisia annua | A transcriptome data of self-rooted, self-grafted, and hetero-grafted chrysanthemum | HiSeq X Ten sequencing: Artemisia annua | Plant sample from Artemisia annua | Plant sample from Artemisia annua
