source,source_sha256,original_status,is_holdout,is_development,leakage_ok,genome_fraction_gain_pp,mean_recovery_gain_pp,low_abundance_gain_pp,relative_chimera_change,longitudinal_drop_pp,paired_bootstrap_ci_low_pp,paired_bootstrap_ci_high_pp,pseudo_all_positive,metrics_complete,gate_genome_fraction,gate_mean_recovery,gate_low_abundance,gate_chimera,gate_longitudinal,gate_bootstrap,gate_pseudo,strict_holdout_success
final_work/evidence/9408181719_LANTERN_CAMI3_V7_UNTOUCHED_HOLDOUT_18_19_FINAL_V2_20260820/decision/HOLDOUT_DECISION.json,2c56f5461bb4d4600302b213f72e014a38b179120cb1c837cce1c7a8bcf7f42a,PARTIAL,True,False,True,0.1971779907390392,0.8235867074069952,0.343797130120449,-0.44187475457456615,0.8175554801072593,0.3989347065603817,1.3009854950872048,True,True,False,False,False,True,True,True,True,False
final_work/evidence/9408624154_LANTERN_CAMI3_V7_UNTOUCHED_HOLDOUT_18_19_FINAL_V2_20260820/decision/HOLDOUT_DECISION.json,3e0790b3dd8f0a05443c1169c17580f4b13e820eeb34bfa5d53e21a98bd9a2d3,PARTIAL,True,False,True,0.19712760342330604,0.8235624175088261,0.343797130120449,-0.441878276203173,0.8175048627124593,0.3989349953305704,1.3009848878397507,True,True,False,False,False,True,True,True,True,False
final_work/evidence/9408806385_LANTERN_CAMI3_V7_UNTOUCHED_HOLDOUT_18_19_FINAL_V2_20260820/decision/HOLDOUT_DECISION.json,1710e1db14ad896ce0308fc0796c418ce3e333ef1b8cc6ee96663f865d71242d,PARTIAL,True,False,True,0.19712208152569133,0.8235602738728574,0.343797130120449,-0.44187475457456615,0.8174239899203108,0.3989332218457324,1.3009848342488515,True,True,False,False,False,True,True,True,True,False
final_work/evidence/9409502292_LANTERN_CAMI3_V7_UNTOUCHED_HOLDOUT_18_19_FINAL_V2_20260820/decision/HOLDOUT_DECISION.json,04e3978b602e2d3af3ed3714a9d03f39a6bfb1f7e987a84e8f94ab6135e5ba2d,PARTIAL,True,False,True,0.19712208152569133,0.8235602738728574,0.343797130120449,-0.44187475457456615,0.8174993408148445,0.3989332218457324,1.3009848342488515,True,True,False,False,False,True,True,True,True,False
final_work/evidence/9408835978_LANTERN_CAMI3_V7_UNTOUCHED_HOLDOUT_18_19_FINAL_V2_20260820/decision/HOLDOUT_DECISION.json,d3ef3a5d648d351fa66d88fc297ab18572f670d55d56c8436d132a0a248ec1b6,PARTIAL,True,False,True,0.1971154092327403,0.8235566421050527,0.343797130120449,-0.44187475457456615,0.8174926685218935,0.3989347065603817,1.3009847434546562,True,True,False,False,False,True,True,True,True,False
final_work/evidence/9409848666_LANTERN_CAMI3_V7_UNTOUCHED_HOLDOUT_18_19_FINAL_V2_20260820/decision/HOLDOUT_DECISION.json,d3ef3a5d648d351fa66d88fc297ab18572f670d55d56c8436d132a0a248ec1b6,PARTIAL,True,False,True,0.1971154092327403,0.8235566421050527,0.343797130120449,-0.44187475457456615,0.8174926685218935,0.3989347065603817,1.3009847434546562,True,True,False,False,False,True,True,True,True,False
final_work/evidence/9408725398_LANTERN_CAMI3_V7_UNTOUCHED_HOLDOUT_18_19_FINAL_V2_20260820/decision/HOLDOUT_DECISION.json,aaae289f1e9a03b1a1470064b3d5ebc77f82de7936c4cfa969bc4e4acf07a967,PARTIAL,True,False,True,0.19705271268690616,0.8235269478120657,0.343797130120449,-0.44187475457456615,0.8173546210815257,0.3989332218457324,1.3009840010973317,True,True,False,False,False,True,True,True,True,False
final_work/evidence/9406563066_LANTERN_CAMI3_V7_UNTOUCHED_HOLDOUT_18_19_FINAL_20260820/variants/pair/EXTENSION_SUMMARY.json,c7e035e68db4ee27c4ffc674d017540d1f722b02960295f3a3396dba40c07d9d,PASS,True,False,True,,,,,,,,,False,False,False,False,False,False,False,False,False
final_work/evidence/9407215494_LANTERN_CAMI3_V7_UNTOUCHED_HOLDOUT_18_19_FINAL_20260820/variants/pair/EXTENSION_SUMMARY.json,c7e035e68db4ee27c4ffc674d017540d1f722b02960295f3a3396dba40c07d9d,PASS,True,False,True,,,,,,,,,False,False,False,False,False,False,False,False,False
final_work/evidence/9408181719_LANTERN_CAMI3_V7_UNTOUCHED_HOLDOUT_18_19_FINAL_V2_20260820/evaluation/flye_long_pair/GOLD_COVERAGE_SUMMARY.json,324564ef3ae16fb3b08d161260598afd7eee7dbbf503212e5a1ce1bbc222e346,UNKNOWN,True,False,True,,,,,,,,,False,False,False,False,False,False,False,False,False
final_work/evidence/9408181719_LANTERN_CAMI3_V7_UNTOUCHED_HOLDOUT_18_19_FINAL_V2_20260820/evaluation/flye_long_s18/GOLD_COVERAGE_SUMMARY.json,fa9a01974b9bf949494fdbc0fb72c72c048fc7c753f070bf13d79ee805711062,UNKNOWN,True,False,True,,,,,,,,,False,False,False,False,False,False,False,False,False
final_work/evidence/9408181719_LANTERN_CAMI3_V7_UNTOUCHED_HOLDOUT_18_19_FINAL_V2_20260820/evaluation/flye_long_s19/GOLD_COVERAGE_SUMMARY.json,96e816d0be2446c71f80e504be35c91efc134dd053f65e1b09455bfcc6244a5d,UNKNOWN,True,False,True,,,,,,,,,False,False,False,False,False,False,False,False,False
final_work/evidence/9408181719_LANTERN_CAMI3_V7_UNTOUCHED_HOLDOUT_18_19_FINAL_V2_20260820/evaluation/megahit_short_pair/GOLD_COVERAGE_SUMMARY.json,d914ed84328e5fd53286fbba6331c5d1ad5791150c9ed716ac611a5de1836533,UNKNOWN,True,False,True,,,,,,,,,False,False,False,False,False,False,False,False,False
final_work/evidence/9408181719_LANTERN_CAMI3_V7_UNTOUCHED_HOLDOUT_18_19_FINAL_V2_20260820/evaluation/megahit_short_s18/GOLD_COVERAGE_SUMMARY.json,918d468a0aeda64f4a9f35418a1bd53d15913a8ed241d9d124d140d066cfe2e7,UNKNOWN,True,False,True,,,,,,,,,False,False,False,False,False,False,False,False,False
final_work/evidence/9408181719_LANTERN_CAMI3_V7_UNTOUCHED_HOLDOUT_18_19_FINAL_V2_20260820/evaluation/megahit_short_s19/GOLD_COVERAGE_SUMMARY.json,abd47e72540425d2b0b34823a7e4c625cb6a2fff9b8f30256dec0a413ce34a5c,UNKNOWN,True,False,True,,,,,,,,,False,False,False,False,False,False,False,False,False
final_work/evidence/9408181719_LANTERN_CAMI3_V7_UNTOUCHED_HOLDOUT_18_19_FINAL_V2_20260820/evaluation/metaspades_hybrid_pair/GOLD_COVERAGE_SUMMARY.json,07e0497dc7e69577c62cd426b37d797d8abcfd1b54234fb0f79a8beec95300cd,UNKNOWN,True,False,True,,,,,,,,,False,False,False,False,False,False,False,False,False
final_work/evidence/9408181719_LANTERN_CAMI3_V7_UNTOUCHED_HOLDOUT_18_19_FINAL_V2_20260820/evaluation/metaspades_hybrid_s18/GOLD_COVERAGE_SUMMARY.json,70590c3a834ad4ca139b384637e07530b6e0ace8a787c491514c3a57c6746552,UNKNOWN,True,False,True,,,,,,,,,False,False,False,False,False,False,False,False,False
final_work/evidence/9408181719_LANTERN_CAMI3_V7_UNTOUCHED_HOLDOUT_18_19_FINAL_V2_20260820/evaluation/metaspades_hybrid_s19/GOLD_COVERAGE_SUMMARY.json,ac798240774ffe407c537a3ded03d122ef70e0d67fb9560a161b9b5eaa3db541,UNKNOWN,True,False,True,,,,,,,,,False,False,False,False,False,False,False,False,False
final_work/evidence/9408181719_LANTERN_CAMI3_V7_UNTOUCHED_HOLDOUT_18_19_FINAL_V2_20260820/evaluation/metaspades_short_pair/GOLD_COVERAGE_SUMMARY.json,4428277ed9e7cf398c681f7d002823c559b27e720a427cf2c63fd0dd70ffcd39,UNKNOWN,True,False,True,,,,,,,,,False,False,False,False,False,False,False,False,False
final_work/evidence/9408181719_LANTERN_CAMI3_V7_UNTOUCHED_HOLDOUT_18_19_FINAL_V2_20260820/evaluation/metaspades_short_s18/GOLD_COVERAGE_SUMMARY.json,969c893229748947f4f842f878694341532a84cfb2b74acea095c8669a34d611,UNKNOWN,True,False,True,,,,,,,,,False,False,False,False,False,False,False,False,False
final_work/evidence/9408181719_LANTERN_CAMI3_V7_UNTOUCHED_HOLDOUT_18_19_FINAL_V2_20260820/evaluation/metaspades_short_s19/GOLD_COVERAGE_SUMMARY.json,2a768c1fd59dd06905addc66498d90e780dba078b5b65d56ad08136a26fb8d8f,UNKNOWN,True,False,True,,,,,,,,,False,False,False,False,False,False,False,False,False
final_work/evidence/9408181719_LANTERN_CAMI3_V7_UNTOUCHED_HOLDOUT_18_19_FINAL_V2_20260820/evaluation/v7_full/GOLD_COVERAGE_SUMMARY.json,1ad6979b53c5fb137751a348ef7dece376421d7d915ce5a027eac6e5f2449544,UNKNOWN,True,False,True,,,,,,,,,False,False,False,False,False,False,False,False,False
final_work/evidence/9408181719_LANTERN_CAMI3_V7_UNTOUCHED_HOLDOUT_18_19_FINAL_V2_20260820/evaluation/v7_no_extension/GOLD_COVERAGE_SUMMARY.json,4428277ed9e7cf398c681f7d002823c559b27e720a427cf2c63fd0dd70ffcd39,UNKNOWN,True,False,True,,,,,,,,,False,False,False,False,False,False,False,False,False
final_work/evidence/9408181719_LANTERN_CAMI3_V7_UNTOUCHED_HOLDOUT_18_19_FINAL_V2_20260820/evaluation/v7_no_long/GOLD_COVERAGE_SUMMARY.json,76de6b55b8c773bddd0d08293286e185a60de49131d375c54da69298341350cf,UNKNOWN,True,False,True,,,,,,,,,False,False,False,False,False,False,False,False,False
final_work/evidence/9408181719_LANTERN_CAMI3_V7_UNTOUCHED_HOLDOUT_18_19_FINAL_V2_20260820/evaluation/v7_no_longitudinal/GOLD_COVERAGE_SUMMARY.json,4b4ec940900184399ba148c458b8bb060dc1e57eae5867f3539d6996ed012a62,UNKNOWN,True,False,True,,,,,,,,,False,False,False,False,False,False,False,False,False
final_work/evidence/9408181719_LANTERN_CAMI3_V7_UNTOUCHED_HOLDOUT_18_19_FINAL_V2_20260820/pseudo/results/PSEUDO_NOVEL_AUDIT.json,f76465884ea0278e8b4c03513bbe293c45211af61635ea1eaef38d16c43455da,UNKNOWN,True,False,True,,,,,,,,,False,False,False,False,False,False,False,False,False
final_work/evidence/9408181719_LANTERN_CAMI3_V7_UNTOUCHED_HOLDOUT_18_19_FINAL_V2_20260820/truth/TRUTH_SUMMARY.json,7c94d62ec82f3afe1eca1d4da00816c6a2b8778f1bce0f62ba000b08eb628164,UNKNOWN,True,False,True,,,,,,,,,False,False,False,False,False,False,False,False,False
final_work/evidence/9408181719_LANTERN_CAMI3_V7_UNTOUCHED_HOLDOUT_18_19_FINAL_V2_20260820/variants/pair/EXTENSION_SUMMARY.json,4452892248e2ae9b269e5f69625d1525ecf1d1ec89ad4e9e6d04e09150265bf4,PASS,True,False,True,,,,,,,,,False,False,False,False,False,False,False,False,False
final_work/evidence/9408181719_LANTERN_CAMI3_V7_UNTOUCHED_HOLDOUT_18_19_FINAL_V2_20260820/variants/v7_no_long/EXTENSION_SUMMARY.json,237775a0304a64aec166c5d9009ebb8d96ec0b1708853d064b49c4843d43e34a,PASS,True,False,True,,,,,,,,,False,False,False,False,False,False,False,False,False
final_work/evidence/9408624154_LANTERN_CAMI3_V7_UNTOUCHED_HOLDOUT_18_19_FINAL_V2_20260820/evaluation/flye_long_pair/GOLD_COVERAGE_SUMMARY.json,324564ef3ae16fb3b08d161260598afd7eee7dbbf503212e5a1ce1bbc222e346,UNKNOWN,True,False,True,,,,,,,,,False,False,False,False,False,False,False,False,False
final_work/evidence/9408624154_LANTERN_CAMI3_V7_UNTOUCHED_HOLDOUT_18_19_FINAL_V2_20260820/evaluation/flye_long_s18/GOLD_COVERAGE_SUMMARY.json,fa9a01974b9bf949494fdbc0fb72c72c048fc7c753f070bf13d79ee805711062,UNKNOWN,True,False,True,,,,,,,,,False,False,False,False,False,False,False,False,False
final_work/evidence/9408624154_LANTERN_CAMI3_V7_UNTOUCHED_HOLDOUT_18_19_FINAL_V2_20260820/evaluation/flye_long_s19/GOLD_COVERAGE_SUMMARY.json,96e816d0be2446c71f80e504be35c91efc134dd053f65e1b09455bfcc6244a5d,UNKNOWN,True,False,True,,,,,,,,,False,False,False,False,False,False,False,False,False
final_work/evidence/9408624154_LANTERN_CAMI3_V7_UNTOUCHED_HOLDOUT_18_19_FINAL_V2_20260820/evaluation/megahit_short_pair/GOLD_COVERAGE_SUMMARY.json,e13a20d5ce0f616d5e120aa58dc4f9dcc0a9e5bbc2a96e6706d949ec7229f03a,UNKNOWN,True,False,True,,,,,,,,,False,False,False,False,False,False,False,False,False
final_work/evidence/9408624154_LANTERN_CAMI3_V7_UNTOUCHED_HOLDOUT_18_19_FINAL_V2_20260820/evaluation/megahit_short_s18/GOLD_COVERAGE_SUMMARY.json,918d468a0aeda64f4a9f35418a1bd53d15913a8ed241d9d124d140d066cfe2e7,UNKNOWN,True,False,True,,,,,,,,,False,False,False,False,False,False,False,False,False
final_work/evidence/9408624154_LANTERN_CAMI3_V7_UNTOUCHED_HOLDOUT_18_19_FINAL_V2_20260820/evaluation/megahit_short_s19/GOLD_COVERAGE_SUMMARY.json,6a58754a825c2aa3c5482b0b6e8a99a392b954bae1ef98ca73757a2cc08cc2ee,UNKNOWN,True,False,True,,,,,,,,,False,False,False,False,False,False,False,False,False
final_work/evidence/9408624154_LANTERN_CAMI3_V7_UNTOUCHED_HOLDOUT_18_19_FINAL_V2_20260820/evaluation/metaspades_hybrid_pair/GOLD_COVERAGE_SUMMARY.json,07e0497dc7e69577c62cd426b37d797d8abcfd1b54234fb0f79a8beec95300cd,UNKNOWN,True,False,True,,,,,,,,,False,False,False,False,False,False,False,False,False
final_work/evidence/9408624154_LANTERN_CAMI3_V7_UNTOUCHED_HOLDOUT_18_19_FINAL_V2_20260820/evaluation/metaspades_hybrid_s18/GOLD_COVERAGE_SUMMARY.json,70590c3a834ad4ca139b384637e07530b6e0ace8a787c491514c3a57c6746552,UNKNOWN,True,False,True,,,,,,,,,False,False,False,False,False,False,False,False,False
final_work/evidence/9408624154_LANTERN_CAMI3_V7_UNTOUCHED_HOLDOUT_18_19_FINAL_V2_20260820/evaluation/metaspades_hybrid_s19/GOLD_COVERAGE_SUMMARY.json,ac798240774ffe407c537a3ded03d122ef70e0d67fb9560a161b9b5eaa3db541,UNKNOWN,True,False,True,,,,,,,,,False,False,False,False,False,False,False,False,False
final_work/evidence/9408624154_LANTERN_CAMI3_V7_UNTOUCHED_HOLDOUT_18_19_FINAL_V2_20260820/evaluation/metaspades_short_pair/GOLD_COVERAGE_SUMMARY.json,4428277ed9e7cf398c681f7d002823c559b27e720a427cf2c63fd0dd70ffcd39,UNKNOWN,True,False,True,,,,,,,,,False,False,False,False,False,False,False,False,False
final_work/evidence/9408624154_LANTERN_CAMI3_V7_UNTOUCHED_HOLDOUT_18_19_FINAL_V2_20260820/evaluation/metaspades_short_s18/GOLD_COVERAGE_SUMMARY.json,969c893229748947f4f842f878694341532a84cfb2b74acea095c8669a34d611,UNKNOWN,True,False,True,,,,,,,,,False,False,False,False,False,False,False,False,False
final_work/evidence/9408624154_LANTERN_CAMI3_V7_UNTOUCHED_HOLDOUT_18_19_FINAL_V2_20260820/evaluation/metaspades_short_s19/GOLD_COVERAGE_SUMMARY.json,2a768c1fd59dd06905addc66498d90e780dba078b5b65d56ad08136a26fb8d8f,UNKNOWN,True,False,True,,,,,,,,,False,False,False,False,False,False,False,False,False
final_work/evidence/9408624154_LANTERN_CAMI3_V7_UNTOUCHED_HOLDOUT_18_19_FINAL_V2_20260820/evaluation/v7_full/GOLD_COVERAGE_SUMMARY.json,d41193598659676ada5fa19f78abe7811582dde79f68c6332bb43a82a8a3256a,UNKNOWN,True,False,True,,,,,,,,,False,False,False,False,False,False,False,False,False
final_work/evidence/9408624154_LANTERN_CAMI3_V7_UNTOUCHED_HOLDOUT_18_19_FINAL_V2_20260820/evaluation/v7_no_extension/GOLD_COVERAGE_SUMMARY.json,4428277ed9e7cf398c681f7d002823c559b27e720a427cf2c63fd0dd70ffcd39,UNKNOWN,True,False,True,,,,,,,,,False,False,False,False,False,False,False,False,False
final_work/evidence/9408624154_LANTERN_CAMI3_V7_UNTOUCHED_HOLDOUT_18_19_FINAL_V2_20260820/evaluation/v7_no_long/GOLD_COVERAGE_SUMMARY.json,fb1ce70472283e00c1e35812f0b780d34a8c75bf095d6484824b4b18f11b7e78,UNKNOWN,True,False,True,,,,,,,,,False,False,False,False,False,False,False,False,False
final_work/evidence/9408624154_LANTERN_CAMI3_V7_UNTOUCHED_HOLDOUT_18_19_FINAL_V2_20260820/evaluation/v7_no_longitudinal/GOLD_COVERAGE_SUMMARY.json,aab85520e88365c2ec51f23318332944f94ab67e197e7f878432fd64fc2bc8d6,UNKNOWN,True,False,True,,,,,,,,,False,False,False,False,False,False,False,False,False
final_work/evidence/9408624154_LANTERN_CAMI3_V7_UNTOUCHED_HOLDOUT_18_19_FINAL_V2_20260820/pseudo/results/PSEUDO_NOVEL_AUDIT.json,f76465884ea0278e8b4c03513bbe293c45211af61635ea1eaef38d16c43455da,UNKNOWN,True,False,True,,,,,,,,,False,False,False,False,False,False,False,False,False
final_work/evidence/9408624154_LANTERN_CAMI3_V7_UNTOUCHED_HOLDOUT_18_19_FINAL_V2_20260820/truth/TRUTH_SUMMARY.json,7c94d62ec82f3afe1eca1d4da00816c6a2b8778f1bce0f62ba000b08eb628164,UNKNOWN,True,False,True,,,,,,,,,False,False,False,False,False,False,False,False,False
final_work/evidence/9408624154_LANTERN_CAMI3_V7_UNTOUCHED_HOLDOUT_18_19_FINAL_V2_20260820/variants/pair/EXTENSION_SUMMARY.json,c7e035e68db4ee27c4ffc674d017540d1f722b02960295f3a3396dba40c07d9d,PASS,True,False,True,,,,,,,,,False,False,False,False,False,False,False,False,False
final_work/evidence/9408624154_LANTERN_CAMI3_V7_UNTOUCHED_HOLDOUT_18_19_FINAL_V2_20260820/variants/v7_no_long/EXTENSION_SUMMARY.json,5e7f4959c40e168d67140b10d3a76b3717eb2ad1eb22f06af22c77abb9a9a90b,PASS,True,False,True,,,,,,,,,False,False,False,False,False,False,False,False,False
final_work/evidence/9408725398_LANTERN_CAMI3_V7_UNTOUCHED_HOLDOUT_18_19_FINAL_V2_20260820/evaluation/flye_long_pair/GOLD_COVERAGE_SUMMARY.json,324564ef3ae16fb3b08d161260598afd7eee7dbbf503212e5a1ce1bbc222e346,UNKNOWN,True,False,True,,,,,,,,,False,False,False,False,False,False,False,False,False
final_work/evidence/9408725398_LANTERN_CAMI3_V7_UNTOUCHED_HOLDOUT_18_19_FINAL_V2_20260820/evaluation/flye_long_s18/GOLD_COVERAGE_SUMMARY.json,fa9a01974b9bf949494fdbc0fb72c72c048fc7c753f070bf13d79ee805711062,UNKNOWN,True,False,True,,,,,,,,,False,False,False,False,False,False,False,False,False
final_work/evidence/9408725398_LANTERN_CAMI3_V7_UNTOUCHED_HOLDOUT_18_19_FINAL_V2_20260820/evaluation/flye_long_s19/GOLD_COVERAGE_SUMMARY.json,96e816d0be2446c71f80e504be35c91efc134dd053f65e1b09455bfcc6244a5d,UNKNOWN,True,False,True,,,,,,,,,False,False,False,False,False,False,False,False,False
final_work/evidence/9408725398_LANTERN_CAMI3_V7_UNTOUCHED_HOLDOUT_18_19_FINAL_V2_20260820/evaluation/megahit_short_pair/GOLD_COVERAGE_SUMMARY.json,6e3ad0694e4516d1ec4a205f8cf869a1ebbda342638e2019a2a207d451c7d5c5,UNKNOWN,True,False,True,,,,,,,,,False,False,False,False,False,False,False,False,False
final_work/evidence/9408725398_LANTERN_CAMI3_V7_UNTOUCHED_HOLDOUT_18_19_FINAL_V2_20260820/evaluation/megahit_short_s18/GOLD_COVERAGE_SUMMARY.json,3e039c06121ea5f4f2a35f90f5703cb2ce36350b22edc5e58ca5e824e130e18b,UNKNOWN,True,False,True,,,,,,,,,False,False,False,False,False,False,False,False,False
final_work/evidence/9408725398_LANTERN_CAMI3_V7_UNTOUCHED_HOLDOUT_18_19_FINAL_V2_20260820/evaluation/megahit_short_s19/GOLD_COVERAGE_SUMMARY.json,0193d5903a06cbc35f670702927cac35e18b7e04a1cf62cdd98c29c243fd4375,UNKNOWN,True,False,True,,,,,,,,,False,False,False,False,False,False,False,False,False
final_work/evidence/9408725398_LANTERN_CAMI3_V7_UNTOUCHED_HOLDOUT_18_19_FINAL_V2_20260820/evaluation/metaspades_hybrid_pair/GOLD_COVERAGE_SUMMARY.json,07e0497dc7e69577c62cd426b37d797d8abcfd1b54234fb0f79a8beec95300cd,UNKNOWN,True,False,True,,,,,,,,,False,False,False,False,False,False,False,False,False
final_work/evidence/9408725398_LANTERN_CAMI3_V7_UNTOUCHED_HOLDOUT_18_19_FINAL_V2_20260820/evaluation/metaspades_hybrid_s18/GOLD_COVERAGE_SUMMARY.json,70590c3a834ad4ca139b384637e07530b6e0ace8a787c491514c3a57c6746552,UNKNOWN,True,False,True,,,,,,,,,False,False,False,False,False,False,False,False,False
final_work/evidence/9408725398_LANTERN_CAMI3_V7_UNTOUCHED_HOLDOUT_18_19_FINAL_V2_20260820/evaluation/metaspades_hybrid_s19/GOLD_COVERAGE_SUMMARY.json,ac798240774ffe407c537a3ded03d122ef70e0d67fb9560a161b9b5eaa3db541,UNKNOWN,True,False,True,,,,,,,,,False,False,False,False,False,False,False,False,False
final_work/evidence/9408725398_LANTERN_CAMI3_V7_UNTOUCHED_HOLDOUT_18_19_FINAL_V2_20260820/evaluation/metaspades_short_pair/GOLD_COVERAGE_SUMMARY.json,4428277ed9e7cf398c681f7d002823c559b27e720a427cf2c63fd0dd70ffcd39,UNKNOWN,True,False,True,,,,,,,,,False,False,False,False,False,False,False,False,False
final_work/evidence/9408725398_LANTERN_CAMI3_V7_UNTOUCHED_HOLDOUT_18_19_FINAL_V2_20260820/evaluation/metaspades_short_s18/GOLD_COVERAGE_SUMMARY.json,969c893229748947f4f842f878694341532a84cfb2b74acea095c8669a34d611,UNKNOWN,True,False,True,,,,,,,,,False,False,False,False,False,False,False,False,False
final_work/evidence/9408725398_LANTERN_CAMI3_V7_UNTOUCHED_HOLDOUT_18_19_FINAL_V2_20260820/evaluation/metaspades_short_s19/GOLD_COVERAGE_SUMMARY.json,2a768c1fd59dd06905addc66498d90e780dba078b5b65d56ad08136a26fb8d8f,UNKNOWN,True,False,True,,,,,,,,,False,False,False,False,False,False,False,False,False
final_work/evidence/9408725398_LANTERN_CAMI3_V7_UNTOUCHED_HOLDOUT_18_19_FINAL_V2_20260820/evaluation/v7_full/GOLD_COVERAGE_SUMMARY.json,f6bcb271f3a2aeeaa0b2dfeb14debfe62f9c03483e052109b9f30eae9485c032,UNKNOWN,True,False,True,,,,,,,,,False,False,False,False,False,False,False,False,False
final_work/evidence/9408725398_LANTERN_CAMI3_V7_UNTOUCHED_HOLDOUT_18_19_FINAL_V2_20260820/evaluation/v7_no_extension/GOLD_COVERAGE_SUMMARY.json,4428277ed9e7cf398c681f7d002823c559b27e720a427cf2c63fd0dd70ffcd39,UNKNOWN,True,False,True,,,,,,,,,False,False,False,False,False,False,False,False,False
final_work/evidence/9408725398_LANTERN_CAMI3_V7_UNTOUCHED_HOLDOUT_18_19_FINAL_V2_20260820/evaluation/v7_no_long/GOLD_COVERAGE_SUMMARY.json,68a6669e5fbcd26fb5a3c51f64ef07cd8b8c38ab12c14b834284215f9eb71afd,UNKNOWN,True,False,True,,,,,,,,,False,False,False,False,False,False,False,False,False
final_work/evidence/9408725398_LANTERN_CAMI3_V7_UNTOUCHED_HOLDOUT_18_19_FINAL_V2_20260820/evaluation/v7_no_longitudinal/GOLD_COVERAGE_SUMMARY.json,df51a3f53ad42d032cb3a40fd7be15f0edde3b445dd09d837b35059f2a93a625,UNKNOWN,True,False,True,,,,,,,,,False,False,False,False,False,False,False,False,False
final_work/evidence/9408725398_LANTERN_CAMI3_V7_UNTOUCHED_HOLDOUT_18_19_FINAL_V2_20260820/pseudo/results/PSEUDO_NOVEL_AUDIT.json,f76465884ea0278e8b4c03513bbe293c45211af61635ea1eaef38d16c43455da,UNKNOWN,True,False,True,,,,,,,,,False,False,False,False,False,False,False,False,False
final_work/evidence/9408725398_LANTERN_CAMI3_V7_UNTOUCHED_HOLDOUT_18_19_FINAL_V2_20260820/truth/TRUTH_SUMMARY.json,7c94d62ec82f3afe1eca1d4da00816c6a2b8778f1bce0f62ba000b08eb628164,UNKNOWN,True,False,True,,,,,,,,,False,False,False,False,False,False,False,False,False
final_work/evidence/9408725398_LANTERN_CAMI3_V7_UNTOUCHED_HOLDOUT_18_19_FINAL_V2_20260820/variants/pair/EXTENSION_SUMMARY.json,4452892248e2ae9b269e5f69625d1525ecf1d1ec89ad4e9e6d04e09150265bf4,PASS,True,False,True,,,,,,,,,False,False,False,False,False,False,False,False,False
final_work/evidence/9408725398_LANTERN_CAMI3_V7_UNTOUCHED_HOLDOUT_18_19_FINAL_V2_20260820/variants/v7_no_long/EXTENSION_SUMMARY.json,237775a0304a64aec166c5d9009ebb8d96ec0b1708853d064b49c4843d43e34a,PASS,True,False,True,,,,,,,,,False,False,False,False,False,False,False,False,False
final_work/evidence/9408806385_LANTERN_CAMI3_V7_UNTOUCHED_HOLDOUT_18_19_FINAL_V2_20260820/evaluation/flye_long_pair/GOLD_COVERAGE_SUMMARY.json,324564ef3ae16fb3b08d161260598afd7eee7dbbf503212e5a1ce1bbc222e346,UNKNOWN,True,False,True,,,,,,,,,False,False,False,False,False,False,False,False,False
final_work/evidence/9408806385_LANTERN_CAMI3_V7_UNTOUCHED_HOLDOUT_18_19_FINAL_V2_20260820/evaluation/flye_long_s18/GOLD_COVERAGE_SUMMARY.json,fa9a01974b9bf949494fdbc0fb72c72c048fc7c753f070bf13d79ee805711062,UNKNOWN,True,False,True,,,,,,,,,False,False,False,False,False,False,False,False,False
final_work/evidence/9408806385_LANTERN_CAMI3_V7_UNTOUCHED_HOLDOUT_18_19_FINAL_V2_20260820/evaluation/flye_long_s19/GOLD_COVERAGE_SUMMARY.json,96e816d0be2446c71f80e504be35c91efc134dd053f65e1b09455bfcc6244a5d,UNKNOWN,True,False,True,,,,,,,,,False,False,False,False,False,False,False,False,False
final_work/evidence/9408806385_LANTERN_CAMI3_V7_UNTOUCHED_HOLDOUT_18_19_FINAL_V2_20260820/evaluation/megahit_short_pair/GOLD_COVERAGE_SUMMARY.json,e093c7cfba9a51680fa43941149d22779d9e291a2ea582f03f5c6a50841a7c8b,UNKNOWN,True,False,True,,,,,,,,,False,False,False,False,False,False,False,False,False
final_work/evidence/9408806385_LANTERN_CAMI3_V7_UNTOUCHED_HOLDOUT_18_19_FINAL_V2_20260820/evaluation/megahit_short_s18/GOLD_COVERAGE_SUMMARY.json,2e229299ff28268a9a6041b5c5d15267dd694d44cea1d70acb076df698a9c6b4,UNKNOWN,True,False,True,,,,,,,,,False,False,False,False,False,False,False,False,False
final_work/evidence/9408806385_LANTERN_CAMI3_V7_UNTOUCHED_HOLDOUT_18_19_FINAL_V2_20260820/evaluation/megahit_short_s19/GOLD_COVERAGE_SUMMARY.json,41f6aa79015cebfb94631e5caa963486cda2c978dcd1cc402ec7a688b391b5c0,UNKNOWN,True,False,True,,,,,,,,,False,False,False,False,False,False,False,False,False
final_work/evidence/9408806385_LANTERN_CAMI3_V7_UNTOUCHED_HOLDOUT_18_19_FINAL_V2_20260820/evaluation/metaspades_hybrid_pair/GOLD_COVERAGE_SUMMARY.json,07e0497dc7e69577c62cd426b37d797d8abcfd1b54234fb0f79a8beec95300cd,UNKNOWN,True,False,True,,,,,,,,,False,False,False,False,False,False,False,False,False
final_work/evidence/9408806385_LANTERN_CAMI3_V7_UNTOUCHED_HOLDOUT_18_19_FINAL_V2_20260820/evaluation/metaspades_hybrid_s18/GOLD_COVERAGE_SUMMARY.json,70590c3a834ad4ca139b384637e07530b6e0ace8a787c491514c3a57c6746552,UNKNOWN,True,False,True,,,,,,,,,False,False,False,False,False,False,False,False,False
final_work/evidence/9408806385_LANTERN_CAMI3_V7_UNTOUCHED_HOLDOUT_18_19_FINAL_V2_20260820/evaluation/metaspades_hybrid_s19/GOLD_COVERAGE_SUMMARY.json,ac798240774ffe407c537a3ded03d122ef70e0d67fb9560a161b9b5eaa3db541,UNKNOWN,True,False,True,,,,,,,,,False,False,False,False,False,False,False,False,False
final_work/evidence/9408806385_LANTERN_CAMI3_V7_UNTOUCHED_HOLDOUT_18_19_FINAL_V2_20260820/evaluation/metaspades_short_pair/GOLD_COVERAGE_SUMMARY.json,4428277ed9e7cf398c681f7d002823c559b27e720a427cf2c63fd0dd70ffcd39,UNKNOWN,True,False,True,,,,,,,,,False,False,False,False,False,False,False,False,False
final_work/evidence/9408806385_LANTERN_CAMI3_V7_UNTOUCHED_HOLDOUT_18_19_FINAL_V2_20260820/evaluation/metaspades_short_s18/GOLD_COVERAGE_SUMMARY.json,969c893229748947f4f842f878694341532a84cfb2b74acea095c8669a34d611,UNKNOWN,True,False,True,,,,,,,,,False,False,False,False,False,False,False,False,False
final_work/evidence/9408806385_LANTERN_CAMI3_V7_UNTOUCHED_HOLDOUT_18_19_FINAL_V2_20260820/evaluation/metaspades_short_s19/GOLD_COVERAGE_SUMMARY.json,2a768c1fd59dd06905addc66498d90e780dba078b5b65d56ad08136a26fb8d8f,UNKNOWN,True,False,True,,,,,,,,,False,False,False,False,False,False,False,False,False
final_work/evidence/9408806385_LANTERN_CAMI3_V7_UNTOUCHED_HOLDOUT_18_19_FINAL_V2_20260820/evaluation/v7_full/GOLD_COVERAGE_SUMMARY.json,fd2f0f55b0f9b01581f0ee4af570f7896cf5b79bca22902a52dd2257bfdc58f2,UNKNOWN,True,False,True,,,,,,,,,False,False,False,False,False,False,False,False,False
final_work/evidence/9408806385_LANTERN_CAMI3_V7_UNTOUCHED_HOLDOUT_18_19_FINAL_V2_20260820/evaluation/v7_no_extension/GOLD_COVERAGE_SUMMARY.json,4428277ed9e7cf398c681f7d002823c559b27e720a427cf2c63fd0dd70ffcd39,UNKNOWN,True,False,True,,,,,,,,,False,False,False,False,False,False,False,False,False
final_work/evidence/9408806385_LANTERN_CAMI3_V7_UNTOUCHED_HOLDOUT_18_19_FINAL_V2_20260820/evaluation/v7_no_long/GOLD_COVERAGE_SUMMARY.json,236ce95869762d946d5bec83e61c4b115f330882a33a953517b7b8f24e558c06,UNKNOWN,True,False,True,,,,,,,,,False,False,False,False,False,False,False,False,False
final_work/evidence/9408806385_LANTERN_CAMI3_V7_UNTOUCHED_HOLDOUT_18_19_FINAL_V2_20260820/evaluation/v7_no_longitudinal/GOLD_COVERAGE_SUMMARY.json,df51a3f53ad42d032cb3a40fd7be15f0edde3b445dd09d837b35059f2a93a625,UNKNOWN,True,False,True,,,,,,,,,False,False,False,False,False,False,False,False,False
final_work/evidence/9408806385_LANTERN_CAMI3_V7_UNTOUCHED_HOLDOUT_18_19_FINAL_V2_20260820/pseudo/results/PSEUDO_NOVEL_AUDIT.json,f76465884ea0278e8b4c03513bbe293c45211af61635ea1eaef38d16c43455da,UNKNOWN,True,False,True,,,,,,,,,False,False,False,False,False,False,False,False,False
final_work/evidence/9408806385_LANTERN_CAMI3_V7_UNTOUCHED_HOLDOUT_18_19_FINAL_V2_20260820/truth/TRUTH_SUMMARY.json,7c94d62ec82f3afe1eca1d4da00816c6a2b8778f1bce0f62ba000b08eb628164,UNKNOWN,True,False,True,,,,,,,,,False,False,False,False,False,False,False,False,False
final_work/evidence/9408806385_LANTERN_CAMI3_V7_UNTOUCHED_HOLDOUT_18_19_FINAL_V2_20260820/variants/pair/EXTENSION_SUMMARY.json,4452892248e2ae9b269e5f69625d1525ecf1d1ec89ad4e9e6d04e09150265bf4,PASS,True,False,True,,,,,,,,,False,False,False,False,False,False,False,False,False
final_work/evidence/9408806385_LANTERN_CAMI3_V7_UNTOUCHED_HOLDOUT_18_19_FINAL_V2_20260820/variants/v7_no_long/EXTENSION_SUMMARY.json,237775a0304a64aec166c5d9009ebb8d96ec0b1708853d064b49c4843d43e34a,PASS,True,False,True,,,,,,,,,False,False,False,False,False,False,False,False,False
final_work/evidence/9408835978_LANTERN_CAMI3_V7_UNTOUCHED_HOLDOUT_18_19_FINAL_V2_20260820/evaluation/flye_long_pair/GOLD_COVERAGE_SUMMARY.json,324564ef3ae16fb3b08d161260598afd7eee7dbbf503212e5a1ce1bbc222e346,UNKNOWN,True,False,True,,,,,,,,,False,False,False,False,False,False,False,False,False
final_work/evidence/9408835978_LANTERN_CAMI3_V7_UNTOUCHED_HOLDOUT_18_19_FINAL_V2_20260820/evaluation/flye_long_s18/GOLD_COVERAGE_SUMMARY.json,fa9a01974b9bf949494fdbc0fb72c72c048fc7c753f070bf13d79ee805711062,UNKNOWN,True,False,True,,,,,,,,,False,False,False,False,False,False,False,False,False
final_work/evidence/9408835978_LANTERN_CAMI3_V7_UNTOUCHED_HOLDOUT_18_19_FINAL_V2_20260820/evaluation/flye_long_s19/GOLD_COVERAGE_SUMMARY.json,96e816d0be2446c71f80e504be35c91efc134dd053f65e1b09455bfcc6244a5d,UNKNOWN,True,False,True,,,,,,,,,False,False,False,False,False,False,False,False,False
final_work/evidence/9408835978_LANTERN_CAMI3_V7_UNTOUCHED_HOLDOUT_18_19_FINAL_V2_20260820/evaluation/megahit_short_pair/GOLD_COVERAGE_SUMMARY.json,393583c89d4119540bf6870ac3492e9c24a654c30c20e5892b66cfcb8777c0de,UNKNOWN,True,False,True,,,,,,,,,False,False,False,False,False,False,False,False,False
final_work/evidence/9408835978_LANTERN_CAMI3_V7_UNTOUCHED_HOLDOUT_18_19_FINAL_V2_20260820/evaluation/megahit_short_s18/GOLD_COVERAGE_SUMMARY.json,918d468a0aeda64f4a9f35418a1bd53d15913a8ed241d9d124d140d066cfe2e7,UNKNOWN,True,False,True,,,,,,,,,False,False,False,False,False,False,False,False,False
final_work/evidence/9408835978_LANTERN_CAMI3_V7_UNTOUCHED_HOLDOUT_18_19_FINAL_V2_20260820/evaluation/megahit_short_s19/GOLD_COVERAGE_SUMMARY.json,342324df8a3b66cc5c6f11279df55ca61be57cd9a87b1dae2a002f67d403e99b,UNKNOWN,True,False,True,,,,,,,,,False,False,False,False,False,False,False,False,False
final_work/evidence/9408835978_LANTERN_CAMI3_V7_UNTOUCHED_HOLDOUT_18_19_FINAL_V2_20260820/evaluation/metaspades_hybrid_pair/GOLD_COVERAGE_SUMMARY.json,07e0497dc7e69577c62cd426b37d797d8abcfd1b54234fb0f79a8beec95300cd,UNKNOWN,True,False,True,,,,,,,,,False,False,False,False,False,False,False,False,False
final_work/evidence/9408835978_LANTERN_CAMI3_V7_UNTOUCHED_HOLDOUT_18_19_FINAL_V2_20260820/evaluation/metaspades_hybrid_s18/GOLD_COVERAGE_SUMMARY.json,70590c3a834ad4ca139b384637e07530b6e0ace8a787c491514c3a57c6746552,UNKNOWN,True,False,True,,,,,,,,,False,False,False,False,False,False,False,False,False
final_work/evidence/9408835978_LANTERN_CAMI3_V7_UNTOUCHED_HOLDOUT_18_19_FINAL_V2_20260820/evaluation/metaspades_hybrid_s19/GOLD_COVERAGE_SUMMARY.json,ac798240774ffe407c537a3ded03d122ef70e0d67fb9560a161b9b5eaa3db541,UNKNOWN,True,False,True,,,,,,,,,False,False,False,False,False,False,False,False,False
final_work/evidence/9408835978_LANTERN_CAMI3_V7_UNTOUCHED_HOLDOUT_18_19_FINAL_V2_20260820/evaluation/metaspades_short_pair/GOLD_COVERAGE_SUMMARY.json,4428277ed9e7cf398c681f7d002823c559b27e720a427cf2c63fd0dd70ffcd39,UNKNOWN,True,False,True,,,,,,,,,False,False,False,False,False,False,False,False,False
final_work/evidence/9408835978_LANTERN_CAMI3_V7_UNTOUCHED_HOLDOUT_18_19_FINAL_V2_20260820/evaluation/metaspades_short_s18/GOLD_COVERAGE_SUMMARY.json,969c893229748947f4f842f878694341532a84cfb2b74acea095c8669a34d611,UNKNOWN,True,False,True,,,,,,,,,False,False,False,False,False,False,False,False,False
final_work/evidence/9408835978_LANTERN_CAMI3_V7_UNTOUCHED_HOLDOUT_18_19_FINAL_V2_20260820/evaluation/metaspades_short_s19/GOLD_COVERAGE_SUMMARY.json,2a768c1fd59dd06905addc66498d90e780dba078b5b65d56ad08136a26fb8d8f,UNKNOWN,True,False,True,,,,,,,,,False,False,False,False,False,False,False,False,False
final_work/evidence/9408835978_LANTERN_CAMI3_V7_UNTOUCHED_HOLDOUT_18_19_FINAL_V2_20260820/evaluation/v7_full/GOLD_COVERAGE_SUMMARY.json,580f2a56873c07afbd89687ac2f7859036f0d347cff421cd4d23b5da0657f011,UNKNOWN,True,False,True,,,,,,,,,False,False,False,False,False,False,False,False,False
final_work/evidence/9408835978_LANTERN_CAMI3_V7_UNTOUCHED_HOLDOUT_18_19_FINAL_V2_20260820/evaluation/v7_no_extension/GOLD_COVERAGE_SUMMARY.json,4428277ed9e7cf398c681f7d002823c559b27e720a427cf2c63fd0dd70ffcd39,UNKNOWN,True,False,True,,,,,,,,,False,False,False,False,False,False,False,False,False
final_work/evidence/9408835978_LANTERN_CAMI3_V7_UNTOUCHED_HOLDOUT_18_19_FINAL_V2_20260820/evaluation/v7_no_long/GOLD_COVERAGE_SUMMARY.json,56b84117340ac4a4d5bec62d3bfbadf2d15056dd3fef310782d382407947c8d3,UNKNOWN,True,False,True,,,,,,,,,False,False,False,False,False,False,False,False,False
final_work/evidence/9408835978_LANTERN_CAMI3_V7_UNTOUCHED_HOLDOUT_18_19_FINAL_V2_20260820/evaluation/v7_no_longitudinal/GOLD_COVERAGE_SUMMARY.json,aab85520e88365c2ec51f23318332944f94ab67e197e7f878432fd64fc2bc8d6,UNKNOWN,True,False,True,,,,,,,,,False,False,False,False,False,False,False,False,False
final_work/evidence/9408835978_LANTERN_CAMI3_V7_UNTOUCHED_HOLDOUT_18_19_FINAL_V2_20260820/pseudo/results/PSEUDO_NOVEL_AUDIT.json,f76465884ea0278e8b4c03513bbe293c45211af61635ea1eaef38d16c43455da,UNKNOWN,True,False,True,,,,,,,,,False,False,False,False,False,False,False,False,False
final_work/evidence/9408835978_LANTERN_CAMI3_V7_UNTOUCHED_HOLDOUT_18_19_FINAL_V2_20260820/truth/TRUTH_SUMMARY.json,7c94d62ec82f3afe1eca1d4da00816c6a2b8778f1bce0f62ba000b08eb628164,UNKNOWN,True,False,True,,,,,,,,,False,False,False,False,False,False,False,False,False
final_work/evidence/9408835978_LANTERN_CAMI3_V7_UNTOUCHED_HOLDOUT_18_19_FINAL_V2_20260820/variants/pair/EXTENSION_SUMMARY.json,4452892248e2ae9b269e5f69625d1525ecf1d1ec89ad4e9e6d04e09150265bf4,PASS,True,False,True,,,,,,,,,False,False,False,False,False,False,False,False,False
final_work/evidence/9408835978_LANTERN_CAMI3_V7_UNTOUCHED_HOLDOUT_18_19_FINAL_V2_20260820/variants/v7_no_long/EXTENSION_SUMMARY.json,237775a0304a64aec166c5d9009ebb8d96ec0b1708853d064b49c4843d43e34a,PASS,True,False,True,,,,,,,,,False,False,False,False,False,False,False,False,False
final_work/evidence/9409502292_LANTERN_CAMI3_V7_UNTOUCHED_HOLDOUT_18_19_FINAL_V2_20260820/evaluation/flye_long_pair/GOLD_COVERAGE_SUMMARY.json,324564ef3ae16fb3b08d161260598afd7eee7dbbf503212e5a1ce1bbc222e346,UNKNOWN,True,False,True,,,,,,,,,False,False,False,False,False,False,False,False,False
final_work/evidence/9409502292_LANTERN_CAMI3_V7_UNTOUCHED_HOLDOUT_18_19_FINAL_V2_20260820/evaluation/flye_long_s18/GOLD_COVERAGE_SUMMARY.json,fa9a01974b9bf949494fdbc0fb72c72c048fc7c753f070bf13d79ee805711062,UNKNOWN,True,False,True,,,,,,,,,False,False,False,False,False,False,False,False,False
final_work/evidence/9409502292_LANTERN_CAMI3_V7_UNTOUCHED_HOLDOUT_18_19_FINAL_V2_20260820/evaluation/flye_long_s19/GOLD_COVERAGE_SUMMARY.json,96e816d0be2446c71f80e504be35c91efc134dd053f65e1b09455bfcc6244a5d,UNKNOWN,True,False,True,,,,,,,,,False,False,False,False,False,False,False,False,False
final_work/evidence/9409502292_LANTERN_CAMI3_V7_UNTOUCHED_HOLDOUT_18_19_FINAL_V2_20260820/evaluation/megahit_short_pair/GOLD_COVERAGE_SUMMARY.json,03ea114d317f4fb810647190ba9ee5ff5305d40765cc70d25009edbf8ba94c80,UNKNOWN,True,False,True,,,,,,,,,False,False,False,False,False,False,False,False,False
final_work/evidence/9409502292_LANTERN_CAMI3_V7_UNTOUCHED_HOLDOUT_18_19_FINAL_V2_20260820/evaluation/megahit_short_s18/GOLD_COVERAGE_SUMMARY.json,3e039c06121ea5f4f2a35f90f5703cb2ce36350b22edc5e58ca5e824e130e18b,UNKNOWN,True,False,True,,,,,,,,,False,False,False,False,False,False,False,False,False
final_work/evidence/9409502292_LANTERN_CAMI3_V7_UNTOUCHED_HOLDOUT_18_19_FINAL_V2_20260820/evaluation/megahit_short_s19/GOLD_COVERAGE_SUMMARY.json,0dba07300d8f84c794c9c7d353f7d6c3ca91c261bb1dec6d8ad0d618ed4b603c,UNKNOWN,True,False,True,,,,,,,,,False,False,False,False,False,False,False,False,False
final_work/evidence/9409502292_LANTERN_CAMI3_V7_UNTOUCHED_HOLDOUT_18_19_FINAL_V2_20260820/evaluation/metaspades_hybrid_pair/GOLD_COVERAGE_SUMMARY.json,07e0497dc7e69577c62cd426b37d797d8abcfd1b54234fb0f79a8beec95300cd,UNKNOWN,True,False,True,,,,,,,,,False,False,False,False,False,False,False,False,False
final_work/evidence/9409502292_LANTERN_CAMI3_V7_UNTOUCHED_HOLDOUT_18_19_FINAL_V2_20260820/evaluation/metaspades_hybrid_s18/GOLD_COVERAGE_SUMMARY.json,70590c3a834ad4ca139b384637e07530b6e0ace8a787c491514c3a57c6746552,UNKNOWN,True,False,True,,,,,,,,,False,False,False,False,False,False,False,False,False
final_work/evidence/9409502292_LANTERN_CAMI3_V7_UNTOUCHED_HOLDOUT_18_19_FINAL_V2_20260820/evaluation/metaspades_hybrid_s19/GOLD_COVERAGE_SUMMARY.json,ac798240774ffe407c537a3ded03d122ef70e0d67fb9560a161b9b5eaa3db541,UNKNOWN,True,False,True,,,,,,,,,False,False,False,False,False,False,False,False,False
final_work/evidence/9409502292_LANTERN_CAMI3_V7_UNTOUCHED_HOLDOUT_18_19_FINAL_V2_20260820/evaluation/metaspades_short_pair/GOLD_COVERAGE_SUMMARY.json,4428277ed9e7cf398c681f7d002823c559b27e720a427cf2c63fd0dd70ffcd39,UNKNOWN,True,False,True,,,,,,,,,False,False,False,False,False,False,False,False,False
final_work/evidence/9409502292_LANTERN_CAMI3_V7_UNTOUCHED_HOLDOUT_18_19_FINAL_V2_20260820/evaluation/metaspades_short_s18/GOLD_COVERAGE_SUMMARY.json,969c893229748947f4f842f878694341532a84cfb2b74acea095c8669a34d611,UNKNOWN,True,False,True,,,,,,,,,False,False,False,False,False,False,False,False,False
final_work/evidence/9409502292_LANTERN_CAMI3_V7_UNTOUCHED_HOLDOUT_18_19_FINAL_V2_20260820/evaluation/metaspades_short_s19/GOLD_COVERAGE_SUMMARY.json,2a768c1fd59dd06905addc66498d90e780dba078b5b65d56ad08136a26fb8d8f,UNKNOWN,True,False,True,,,,,,,,,False,False,False,False,False,False,False,False,False
final_work/evidence/9409502292_LANTERN_CAMI3_V7_UNTOUCHED_HOLDOUT_18_19_FINAL_V2_20260820/evaluation/v7_full/GOLD_COVERAGE_SUMMARY.json,fd2f0f55b0f9b01581f0ee4af570f7896cf5b79bca22902a52dd2257bfdc58f2,UNKNOWN,True,False,True,,,,,,,,,False,False,False,False,False,False,False,False,False
final_work/evidence/9409502292_LANTERN_CAMI3_V7_UNTOUCHED_HOLDOUT_18_19_FINAL_V2_20260820/evaluation/v7_no_extension/GOLD_COVERAGE_SUMMARY.json,4428277ed9e7cf398c681f7d002823c559b27e720a427cf2c63fd0dd70ffcd39,UNKNOWN,True,False,True,,,,,,,,,False,False,False,False,False,False,False,False,False
final_work/evidence/9409502292_LANTERN_CAMI3_V7_UNTOUCHED_HOLDOUT_18_19_FINAL_V2_20260820/evaluation/v7_no_long/GOLD_COVERAGE_SUMMARY.json,236ce95869762d946d5bec83e61c4b115f330882a33a953517b7b8f24e558c06,UNKNOWN,True,False,True,,,,,,,,,False,False,False,False,False,False,False,False,False
final_work/evidence/9409502292_LANTERN_CAMI3_V7_UNTOUCHED_HOLDOUT_18_19_FINAL_V2_20260820/evaluation/v7_no_longitudinal/GOLD_COVERAGE_SUMMARY.json,aab85520e88365c2ec51f23318332944f94ab67e197e7f878432fd64fc2bc8d6,UNKNOWN,True,False,True,,,,,,,,,False,False,False,False,False,False,False,False,False
final_work/evidence/9409502292_LANTERN_CAMI3_V7_UNTOUCHED_HOLDOUT_18_19_FINAL_V2_20260820/pseudo/results/PSEUDO_NOVEL_AUDIT.json,f76465884ea0278e8b4c03513bbe293c45211af61635ea1eaef38d16c43455da,UNKNOWN,True,False,True,,,,,,,,,False,False,False,False,False,False,False,False,False
final_work/evidence/9409502292_LANTERN_CAMI3_V7_UNTOUCHED_HOLDOUT_18_19_FINAL_V2_20260820/truth/TRUTH_SUMMARY.json,7c94d62ec82f3afe1eca1d4da00816c6a2b8778f1bce0f62ba000b08eb628164,UNKNOWN,True,False,True,,,,,,,,,False,False,False,False,False,False,False,False,False
final_work/evidence/9409502292_LANTERN_CAMI3_V7_UNTOUCHED_HOLDOUT_18_19_FINAL_V2_20260820/variants/pair/EXTENSION_SUMMARY.json,4452892248e2ae9b269e5f69625d1525ecf1d1ec89ad4e9e6d04e09150265bf4,PASS,True,False,True,,,,,,,,,False,False,False,False,False,False,False,False,False
final_work/evidence/9409502292_LANTERN_CAMI3_V7_UNTOUCHED_HOLDOUT_18_19_FINAL_V2_20260820/variants/v7_no_long/EXTENSION_SUMMARY.json,237775a0304a64aec166c5d9009ebb8d96ec0b1708853d064b49c4843d43e34a,PASS,True,False,True,,,,,,,,,False,False,False,False,False,False,False,False,False
final_work/evidence/9409848666_LANTERN_CAMI3_V7_UNTOUCHED_HOLDOUT_18_19_FINAL_V2_20260820/evaluation/flye_long_pair/GOLD_COVERAGE_SUMMARY.json,324564ef3ae16fb3b08d161260598afd7eee7dbbf503212e5a1ce1bbc222e346,UNKNOWN,True,False,True,,,,,,,,,False,False,False,False,False,False,False,False,False
final_work/evidence/9409848666_LANTERN_CAMI3_V7_UNTOUCHED_HOLDOUT_18_19_FINAL_V2_20260820/evaluation/flye_long_s18/GOLD_COVERAGE_SUMMARY.json,fa9a01974b9bf949494fdbc0fb72c72c048fc7c753f070bf13d79ee805711062,UNKNOWN,True,False,True,,,,,,,,,False,False,False,False,False,False,False,False,False
final_work/evidence/9409848666_LANTERN_CAMI3_V7_UNTOUCHED_HOLDOUT_18_19_FINAL_V2_20260820/evaluation/flye_long_s19/GOLD_COVERAGE_SUMMARY.json,96e816d0be2446c71f80e504be35c91efc134dd053f65e1b09455bfcc6244a5d,UNKNOWN,True,False,True,,,,,,,,,False,False,False,False,False,False,False,False,False
final_work/evidence/9409848666_LANTERN_CAMI3_V7_UNTOUCHED_HOLDOUT_18_19_FINAL_V2_20260820/evaluation/megahit_short_pair/GOLD_COVERAGE_SUMMARY.json,35835457678439d14e6f1230b1c0db28bbf808a1818d8169c7de68918ababd0d,UNKNOWN,True,False,True,,,,,,,,,False,False,False,False,False,False,False,False,False
final_work/evidence/9409848666_LANTERN_CAMI3_V7_UNTOUCHED_HOLDOUT_18_19_FINAL_V2_20260820/evaluation/megahit_short_s18/GOLD_COVERAGE_SUMMARY.json,918d468a0aeda64f4a9f35418a1bd53d15913a8ed241d9d124d140d066cfe2e7,UNKNOWN,True,False,True,,,,,,,,,False,False,False,False,False,False,False,False,False
final_work/evidence/9409848666_LANTERN_CAMI3_V7_UNTOUCHED_HOLDOUT_18_19_FINAL_V2_20260820/evaluation/megahit_short_s19/GOLD_COVERAGE_SUMMARY.json,c5a1b0832f5c75d7e729971bfc7e320db220cec13ff63d1e97888cdd7cdb9117,UNKNOWN,True,False,True,,,,,,,,,False,False,False,False,False,False,False,False,False
final_work/evidence/9409848666_LANTERN_CAMI3_V7_UNTOUCHED_HOLDOUT_18_19_FINAL_V2_20260820/evaluation/metaspades_hybrid_pair/GOLD_COVERAGE_SUMMARY.json,07e0497dc7e69577c62cd426b37d797d8abcfd1b54234fb0f79a8beec95300cd,UNKNOWN,True,False,True,,,,,,,,,False,False,False,False,False,False,False,False,False
final_work/evidence/9409848666_LANTERN_CAMI3_V7_UNTOUCHED_HOLDOUT_18_19_FINAL_V2_20260820/evaluation/metaspades_hybrid_s18/GOLD_COVERAGE_SUMMARY.json,70590c3a834ad4ca139b384637e07530b6e0ace8a787c491514c3a57c6746552,UNKNOWN,True,False,True,,,,,,,,,False,False,False,False,False,False,False,False,False
final_work/evidence/9409848666_LANTERN_CAMI3_V7_UNTOUCHED_HOLDOUT_18_19_FINAL_V2_20260820/evaluation/metaspades_hybrid_s19/GOLD_COVERAGE_SUMMARY.json,ac798240774ffe407c537a3ded03d122ef70e0d67fb9560a161b9b5eaa3db541,UNKNOWN,True,False,True,,,,,,,,,False,False,False,False,False,False,False,False,False
final_work/evidence/9409848666_LANTERN_CAMI3_V7_UNTOUCHED_HOLDOUT_18_19_FINAL_V2_20260820/evaluation/metaspades_short_pair/GOLD_COVERAGE_SUMMARY.json,4428277ed9e7cf398c681f7d002823c559b27e720a427cf2c63fd0dd70ffcd39,UNKNOWN,True,False,True,,,,,,,,,False,False,False,False,False,False,False,False,False
final_work/evidence/9409848666_LANTERN_CAMI3_V7_UNTOUCHED_HOLDOUT_18_19_FINAL_V2_20260820/evaluation/metaspades_short_s18/GOLD_COVERAGE_SUMMARY.json,969c893229748947f4f842f878694341532a84cfb2b74acea095c8669a34d611,UNKNOWN,True,False,True,,,,,,,,,False,False,False,False,False,False,False,False,False
final_work/evidence/9409848666_LANTERN_CAMI3_V7_UNTOUCHED_HOLDOUT_18_19_FINAL_V2_20260820/evaluation/metaspades_short_s19/GOLD_COVERAGE_SUMMARY.json,2a768c1fd59dd06905addc66498d90e780dba078b5b65d56ad08136a26fb8d8f,UNKNOWN,True,False,True,,,,,,,,,False,False,False,False,False,False,False,False,False
final_work/evidence/9409848666_LANTERN_CAMI3_V7_UNTOUCHED_HOLDOUT_18_19_FINAL_V2_20260820/evaluation/v7_full/GOLD_COVERAGE_SUMMARY.json,580f2a56873c07afbd89687ac2f7859036f0d347cff421cd4d23b5da0657f011,UNKNOWN,True,False,True,,,,,,,,,False,False,False,False,False,False,False,False,False
final_work/evidence/9409848666_LANTERN_CAMI3_V7_UNTOUCHED_HOLDOUT_18_19_FINAL_V2_20260820/evaluation/v7_no_extension/GOLD_COVERAGE_SUMMARY.json,4428277ed9e7cf398c681f7d002823c559b27e720a427cf2c63fd0dd70ffcd39,UNKNOWN,True,False,True,,,,,,,,,False,False,False,False,False,False,False,False,False
final_work/evidence/9409848666_LANTERN_CAMI3_V7_UNTOUCHED_HOLDOUT_18_19_FINAL_V2_20260820/evaluation/v7_no_long/GOLD_COVERAGE_SUMMARY.json,56b84117340ac4a4d5bec62d3bfbadf2d15056dd3fef310782d382407947c8d3,UNKNOWN,True,False,True,,,,,,,,,False,False,False,False,False,False,False,False,False
final_work/evidence/9409848666_LANTERN_CAMI3_V7_UNTOUCHED_HOLDOUT_18_19_FINAL_V2_20260820/evaluation/v7_no_longitudinal/GOLD_COVERAGE_SUMMARY.json,aab85520e88365c2ec51f23318332944f94ab67e197e7f878432fd64fc2bc8d6,UNKNOWN,True,False,True,,,,,,,,,False,False,False,False,False,False,False,False,False
final_work/evidence/9409848666_LANTERN_CAMI3_V7_UNTOUCHED_HOLDOUT_18_19_FINAL_V2_20260820/pseudo/results/PSEUDO_NOVEL_AUDIT.json,f76465884ea0278e8b4c03513bbe293c45211af61635ea1eaef38d16c43455da,UNKNOWN,True,False,True,,,,,,,,,False,False,False,False,False,False,False,False,False
final_work/evidence/9409848666_LANTERN_CAMI3_V7_UNTOUCHED_HOLDOUT_18_19_FINAL_V2_20260820/truth/TRUTH_SUMMARY.json,7c94d62ec82f3afe1eca1d4da00816c6a2b8778f1bce0f62ba000b08eb628164,UNKNOWN,True,False,True,,,,,,,,,False,False,False,False,False,False,False,False,False
final_work/evidence/9409848666_LANTERN_CAMI3_V7_UNTOUCHED_HOLDOUT_18_19_FINAL_V2_20260820/variants/pair/EXTENSION_SUMMARY.json,4452892248e2ae9b269e5f69625d1525ecf1d1ec89ad4e9e6d04e09150265bf4,PASS,True,False,True,,,,,,,,,False,False,False,False,False,False,False,False,False
final_work/evidence/9409848666_LANTERN_CAMI3_V7_UNTOUCHED_HOLDOUT_18_19_FINAL_V2_20260820/variants/v7_no_long/EXTENSION_SUMMARY.json,237775a0304a64aec166c5d9009ebb8d96ec0b1708853d064b49c4843d43e34a,PASS,True,False,True,,,,,,,,,False,False,False,False,False,False,False,False,False
final_work/evidence/9413284544_LANTERN_CAMI3_TOY_SHORT_BENCHMARK_COMPACT_AUDIT_20260820/provenance/decision_gate_v1.json,8e412429269500bcb1d5582adcd1ca138add35221fa797d80d1c10e6eaddadcd,UNKNOWN,False,False,True,0.5,1.0,2.0,,0.5,,,,False,True,True,True,False,True,False,False,False
final_work/evidence/9413668407_LANTERN_CAMI3_TOY_SHORT_BENCHMARK_COMPACT_AUDIT_20260820/provenance/decision_gate_v1.json,8e412429269500bcb1d5582adcd1ca138add35221fa797d80d1c10e6eaddadcd,UNKNOWN,False,False,True,0.5,1.0,2.0,,0.5,,,,False,True,True,True,False,True,False,False,False
final_work/evidence/9406432878_LANTERN_CAMI3_HYBRID_V4_DEVELOPMENT_20260820/decision/V4_DEVELOPMENT_FREEZE.json,3129fe69dd4a34ae850a65cf8d2bac52554c6a9e9278903c2e1676987c1b969d,WINNER_FROZEN_FOR_UNTOUCHED_VALIDATION,False,True,True,0.2192116113082747,0.2919273356362606,0.08732665082516711,0.08354115105744635,0.083022689249173,,,,False,False,False,False,True,False,False,False,False
final_work/evidence/9407496312_LANTERN_CAMI3_HYBRID_V4_DEVELOPMENT_20260820/decision/V4_DEVELOPMENT_FREEZE.json,3129fe69dd4a34ae850a65cf8d2bac52554c6a9e9278903c2e1676987c1b969d,WINNER_FROZEN_FOR_UNTOUCHED_VALIDATION,False,True,True,0.2192116113082747,0.2919273356362606,0.08732665082516711,0.08354115105744635,0.083022689249173,,,,False,False,False,False,True,False,False,False,False
final_work/evidence/9413299231_LANTERN_CAMI3_ADDITIVE_RESCUE_DEVELOPMENT_20260820/decision/ADDITIVE_DEVELOPMENT_FREEZE.json,1dbc74181a2018acb53b818281c1b92cbf848f88dcb556bea51a2ce4488c4e9f,WINNER_FROZEN_FOR_UNTOUCHED_PAIR_VALIDATION,False,True,True,0.17890891079853866,0.197045153161491,,0.016151250433161138,,,,,False,False,False,False,True,False,False,False,False
final_work/evidence/9406432878_LANTERN_CAMI3_HYBRID_V4_DEVELOPMENT_20260820/abundance/results/ABUNDANCE_AUDIT.json,bbc7c9c5515958509c4eb5e9d4cd905b308e3e96fdfabc2b8d07afd06684ea4b,UNKNOWN,False,True,True,,,,,,,,,False,False,False,False,False,False,False,False,False
final_work/evidence/9406432878_LANTERN_CAMI3_HYBRID_V4_DEVELOPMENT_20260820/candidates/clusters/CLUSTER_SUMMARY.json,2d46b79b6c90bd44be634f825fa422179c57fedf367dd9c6ed2c87e8d81f122e,UNKNOWN,False,True,True,,,,,,,,,False,False,False,False,False,False,False,False,False
final_work/evidence/9406432878_LANTERN_CAMI3_HYBRID_V4_DEVELOPMENT_20260820/decision/FROZEN_V4_WINNER_CONFIG.json,9d8b1a0e92300adcd30fd6ff3e5a44ad6d7f9480cc8c6487df22ffaa62c16400,UNKNOWN,False,True,True,,,,,,,,,False,False,False,False,False,False,False,False,False
final_work/evidence/9406432878_LANTERN_CAMI3_HYBRID_V4_DEVELOPMENT_20260820/evaluation/metaspades_hybrid_pair/GOLD_COVERAGE_SUMMARY.json,f8fecc255bc00c92e6fbaba24846a45aba7ff98d41ccb0e42005ba20b629bac4,UNKNOWN,False,True,True,,,,,,,,,False,False,False,False,False,False,False,False,False
final_work/evidence/9406432878_LANTERN_CAMI3_HYBRID_V4_DEVELOPMENT_20260820/evaluation/v4_balanced/GOLD_COVERAGE_SUMMARY.json,c6dd0196ae2c7e3fbe644ef2f4befb07ad3e0538a9c555461760dc264802a7f2,UNKNOWN,False,True,True,,,,,,,,,False,False,False,False,False,False,False,False,False
final_work/evidence/9406432878_LANTERN_CAMI3_HYBRID_V4_DEVELOPMENT_20260820/evaluation/v4_balanced_no_consensus/GOLD_COVERAGE_SUMMARY.json,be2da25e4a06c31529e6282459d27e7df50dd58f3a8ae41d624e7575d10a7d4c,UNKNOWN,False,True,True,,,,,,,,,False,False,False,False,False,False,False,False,False
final_work/evidence/9406432878_LANTERN_CAMI3_HYBRID_V4_DEVELOPMENT_20260820/evaluation/v4_balanced_no_long/GOLD_COVERAGE_SUMMARY.json,318ae70eddb359a641e4e982f5b45292b347c62ad84b1d7a60902c841824260e,UNKNOWN,False,True,True,,,,,,,,,False,False,False,False,False,False,False,False,False
final_work/evidence/9406432878_LANTERN_CAMI3_HYBRID_V4_DEVELOPMENT_20260820/evaluation/v4_balanced_no_longitudinal/GOLD_COVERAGE_SUMMARY.json,8177908b0b6b121d61a555ea73d79534eaa90d22d107a6e40da3a2a0f285abd5,UNKNOWN,False,True,True,,,,,,,,,False,False,False,False,False,False,False,False,False
final_work/evidence/9406432878_LANTERN_CAMI3_HYBRID_V4_DEVELOPMENT_20260820/evaluation/v4_consensus_strict/GOLD_COVERAGE_SUMMARY.json,9463cd2737709ce7c78d7c48a46dc6cc5d5bff52fd8d07b367c152a9f997be65,UNKNOWN,False,True,True,,,,,,,,,False,False,False,False,False,False,False,False,False
final_work/evidence/9406432878_LANTERN_CAMI3_HYBRID_V4_DEVELOPMENT_20260820/evaluation/v4_consensus_strict_no_longitudinal/GOLD_COVERAGE_SUMMARY.json,f084e9298ffc6f1cac84e1ae5a78e00a88887417ea4b1b7f3ddc839d61c6caeb,UNKNOWN,False,True,True,,,,,,,,,False,False,False,False,False,False,False,False,False
final_work/evidence/9406432878_LANTERN_CAMI3_HYBRID_V4_DEVELOPMENT_20260820/evaluation/v4_long_supported/GOLD_COVERAGE_SUMMARY.json,7e582c1e0f20c37791cf4bc69ea94cab5a2221fdb1c94099354d40b1e87fcb49,UNKNOWN,False,True,True,,,,,,,,,False,False,False,False,False,False,False,False,False
final_work/evidence/9406432878_LANTERN_CAMI3_HYBRID_V4_DEVELOPMENT_20260820/evaluation/v4_long_supported_no_longitudinal/GOLD_COVERAGE_SUMMARY.json,2be9773e19eaa874c89cc5f72700498d1b69a172e9a6678f1a8251bc51e0fafc,UNKNOWN,False,True,True,,,,,,,,,False,False,False,False,False,False,False,False,False
final_work/evidence/9406432878_LANTERN_CAMI3_HYBRID_V4_DEVELOPMENT_20260820/evaluation/v4_multimodal_strict/GOLD_COVERAGE_SUMMARY.json,0e24ee94b4cf69a036c3bd47bd7e98f804824e4deb6e962156fa876c8a63a868,UNKNOWN,False,True,True,,,,,,,,,False,False,False,False,False,False,False,False,False
final_work/evidence/9406432878_LANTERN_CAMI3_HYBRID_V4_DEVELOPMENT_20260820/evaluation/v4_multimodal_strict_no_longitudinal/GOLD_COVERAGE_SUMMARY.json,f1e1f2a99f6a568f47054a9b0c36490fbafd6b3c9a587c0bd337815a51789dd8,UNKNOWN,False,True,True,,,,,,,,,False,False,False,False,False,False,False,False,False
final_work/evidence/9406432878_LANTERN_CAMI3_HYBRID_V4_DEVELOPMENT_20260820/evaluation/v4_temporal_strict/GOLD_COVERAGE_SUMMARY.json,0664f7a2d8e9f309e5bd398237b5f858760f70fe7f47d86d8ab39743339570a4,UNKNOWN,False,True,True,,,,,,,,,False,False,False,False,False,False,False,False,False
final_work/evidence/9406432878_LANTERN_CAMI3_HYBRID_V4_DEVELOPMENT_20260820/evaluation/v4_temporal_strict_no_longitudinal/GOLD_COVERAGE_SUMMARY.json,e9e933982048f830135dd8eeb260eda07d34b7a7ac1d386c6ee373c312f799fa,UNKNOWN,False,True,True,,,,,,,,,False,False,False,False,False,False,False,False,False
final_work/evidence/9406432878_LANTERN_CAMI3_HYBRID_V4_DEVELOPMENT_20260820/evaluation/v4_ultra_strict/GOLD_COVERAGE_SUMMARY.json,655b4a631b15c3714c92fbc34a79eea9793528fc7d7a202023fd459168ebf5dd,UNKNOWN,False,True,True,,,,,,,,,False,False,False,False,False,False,False,False,False
final_work/evidence/9406432878_LANTERN_CAMI3_HYBRID_V4_DEVELOPMENT_20260820/evaluation/v4_ultra_strict_no_longitudinal/GOLD_COVERAGE_SUMMARY.json,405a52897e0c9d2cf3584fa855b3cbd19de4c58ab64fec870f5b12c9501ecc0b,UNKNOWN,False,True,True,,,,,,,,,False,False,False,False,False,False,False,False,False
final_work/evidence/9406432878_LANTERN_CAMI3_HYBRID_V4_DEVELOPMENT_20260820/truth/TRUTH_SUMMARY.json,8cb6c629eac59d5668074b8a1f2f32ad00e64d90f6d30297fd2430b253b677af,UNKNOWN,False,True,True,,,,,,,,,False,False,False,False,False,False,False,False,False
final_work/evidence/9406432878_LANTERN_CAMI3_HYBRID_V4_DEVELOPMENT_20260820/variants/v4_balanced_full/AUGMENTATION_SUMMARY.json,3bb36829abee0ca1f45af3dd8325ef9e71df69539cd8826a5eb79b8e8f14ce11,PASS,False,True,True,,,,,,,,,False,False,False,False,False,False,False,False,False
final_work/evidence/9406432878_LANTERN_CAMI3_HYBRID_V4_DEVELOPMENT_20260820/variants/v4_balanced_no_consensus/AUGMENTATION_SUMMARY.json,ea97ab08ef5ead9bcd51dcdee2a1d69ee2b0988991d5a61eab0987cdd4ab638e,PASS,False,True,True,,,,,,,,,False,False,False,False,False,False,False,False,False
final_work/evidence/9406432878_LANTERN_CAMI3_HYBRID_V4_DEVELOPMENT_20260820/variants/v4_balanced_no_long/AUGMENTATION_SUMMARY.json,2a2b2bcf13594e0af608ea85d1affb6db5d4970d87ba143077f6696959da0fdd,PASS,False,True,True,,,,,,,,,False,False,False,False,False,False,False,False,False
final_work/evidence/9406432878_LANTERN_CAMI3_HYBRID_V4_DEVELOPMENT_20260820/variants/v4_balanced_no_longitudinal/AUGMENTATION_SUMMARY.json,5a861af5d419bcd116884cdf8a1ee244ef633a552aab5c523e69acf36a2c3174,PASS,False,True,True,,,,,,,,,False,False,False,False,False,False,False,False,False
final_work/evidence/9406432878_LANTERN_CAMI3_HYBRID_V4_DEVELOPMENT_20260820/variants/v4_consensus_strict_full/AUGMENTATION_SUMMARY.json,f8bb7f25480751f45e98d26d06c16740c3373bc287beed1e15eaf47d8ec29c5a,PASS,False,True,True,,,,,,,,,False,False,False,False,False,False,False,False,False
final_work/evidence/9406432878_LANTERN_CAMI3_HYBRID_V4_DEVELOPMENT_20260820/variants/v4_consensus_strict_no_consensus/AUGMENTATION_SUMMARY.json,a01afd42bea05a91ab2eb69d06ad34159ee3220b4e1cd265bcd619281866621f,PASS,False,True,True,,,,,,,,,False,False,False,False,False,False,False,False,False
final_work/evidence/9406432878_LANTERN_CAMI3_HYBRID_V4_DEVELOPMENT_20260820/variants/v4_consensus_strict_no_long/AUGMENTATION_SUMMARY.json,b69dff966506d5bdb46c422c42921fbf88f6e5f3b33ee243c5070df85265066a,PASS,False,True,True,,,,,,,,,False,False,False,False,False,False,False,False,False
final_work/evidence/9406432878_LANTERN_CAMI3_HYBRID_V4_DEVELOPMENT_20260820/variants/v4_consensus_strict_no_longitudinal/AUGMENTATION_SUMMARY.json,50d99dcdfdf1929c54a6d56e9a5dfc782765b606367edbfe128abbb4e1c01611,PASS,False,True,True,,,,,,,,,False,False,False,False,False,False,False,False,False
final_work/evidence/9406432878_LANTERN_CAMI3_HYBRID_V4_DEVELOPMENT_20260820/variants/v4_long_supported_full/AUGMENTATION_SUMMARY.json,8c6e7a761a3393ad2091af9fc371123ad47c22c2f039ebb657d83d3ac35b61a4,PASS,False,True,True,,,,,,,,,False,False,False,False,False,False,False,False,False
final_work/evidence/9406432878_LANTERN_CAMI3_HYBRID_V4_DEVELOPMENT_20260820/variants/v4_long_supported_no_consensus/AUGMENTATION_SUMMARY.json,d0a67593b9b13ab01b2d5701e9db5233d5deb4985ac629d84afe4462718054b1,PASS,False,True,True,,,,,,,,,False,False,False,False,False,False,False,False,False
final_work/evidence/9406432878_LANTERN_CAMI3_HYBRID_V4_DEVELOPMENT_20260820/variants/v4_long_supported_no_long/AUGMENTATION_SUMMARY.json,62c9783d6a6d1167413bb204191428d13138f83a6225f489f3cd998d3cb1ee33,PASS,False,True,True,,,,,,,,,False,False,False,False,False,False,False,False,False
final_work/evidence/9406432878_LANTERN_CAMI3_HYBRID_V4_DEVELOPMENT_20260820/variants/v4_long_supported_no_longitudinal/AUGMENTATION_SUMMARY.json,1e82497462773e929e38245429db19e66d1e9f1a0edd4d9691e2b0292a9c2c60,PASS,False,True,True,,,,,,,,,False,False,False,False,False,False,False,False,False
final_work/evidence/9406432878_LANTERN_CAMI3_HYBRID_V4_DEVELOPMENT_20260820/variants/v4_multimodal_strict_full/AUGMENTATION_SUMMARY.json,0cf047edd9a599a3b34ab2c14cb46946042eb2ffe76b072d81fcb0bdb14ce567,PASS,False,True,True,,,,,,,,,False,False,False,False,False,False,False,False,False
final_work/evidence/9406432878_LANTERN_CAMI3_HYBRID_V4_DEVELOPMENT_20260820/variants/v4_multimodal_strict_no_consensus/AUGMENTATION_SUMMARY.json,322d66a6e92eef45721a5e4e0aa6a6fe812d46896464609a95e1accd5227779d,PASS,False,True,True,,,,,,,,,False,False,False,False,False,False,False,False,False
final_work/evidence/9406432878_LANTERN_CAMI3_HYBRID_V4_DEVELOPMENT_20260820/variants/v4_multimodal_strict_no_long/AUGMENTATION_SUMMARY.json,2ac2bfdda307efd058da7f6c344fdc456e15a59fbfadf8bdb5c9bc799a532e94,PASS,False,True,True,,,,,,,,,False,False,False,False,False,False,False,False,False
final_work/evidence/9406432878_LANTERN_CAMI3_HYBRID_V4_DEVELOPMENT_20260820/variants/v4_multimodal_strict_no_longitudinal/AUGMENTATION_SUMMARY.json,7c460f6789a050c55c6b87f3f202a1490bca13860ae60ef08e2300d5e5d84126,PASS,False,True,True,,,,,,,,,False,False,False,False,False,False,False,False,False
final_work/evidence/9406432878_LANTERN_CAMI3_HYBRID_V4_DEVELOPMENT_20260820/variants/v4_temporal_strict_full/AUGMENTATION_SUMMARY.json,ca3b50fd1d38bf921af5879063d65cbbe93d8fafea678ba8fab32a1d32d534c6,PASS,False,True,True,,,,,,,,,False,False,False,False,False,False,False,False,False
final_work/evidence/9406432878_LANTERN_CAMI3_HYBRID_V4_DEVELOPMENT_20260820/variants/v4_temporal_strict_no_consensus/AUGMENTATION_SUMMARY.json,d918eca8b930a15ba8a9f74b1003ee1c308cef7caeca4b22b3ad69481bc0e587,PASS,False,True,True,,,,,,,,,False,False,False,False,False,False,False,False,False
final_work/evidence/9406432878_LANTERN_CAMI3_HYBRID_V4_DEVELOPMENT_20260820/variants/v4_temporal_strict_no_long/AUGMENTATION_SUMMARY.json,dcab3916a2c7c0c7c732681b01cde9c69353578370cbe4fcd2969df33608f8a8,PASS,False,True,True,,,,,,,,,False,False,False,False,False,False,False,False,False
final_work/evidence/9406432878_LANTERN_CAMI3_HYBRID_V4_DEVELOPMENT_20260820/variants/v4_temporal_strict_no_longitudinal/AUGMENTATION_SUMMARY.json,9db7d49943b30362913a792cfaf480e837aee8a1745491d30ffe6c4271f40dd8,PASS,False,True,True,,,,,,,,,False,False,False,False,False,False,False,False,False
final_work/evidence/9406432878_LANTERN_CAMI3_HYBRID_V4_DEVELOPMENT_20260820/variants/v4_ultra_strict_full/AUGMENTATION_SUMMARY.json,6ff4a0e76dad5dc956fa9d148f3f070cf073f9d468b7552d1f4f4f10d200c028,PASS,False,True,True,,,,,,,,,False,False,False,False,False,False,False,False,False
final_work/evidence/9406432878_LANTERN_CAMI3_HYBRID_V4_DEVELOPMENT_20260820/variants/v4_ultra_strict_no_consensus/AUGMENTATION_SUMMARY.json,f3930249ed60e183badc5d044b20b17d7794924635c361302b1a2f0a38cbf7c2,PASS,False,True,True,,,,,,,,,False,False,False,False,False,False,False,False,False
final_work/evidence/9406432878_LANTERN_CAMI3_HYBRID_V4_DEVELOPMENT_20260820/variants/v4_ultra_strict_no_long/AUGMENTATION_SUMMARY.json,0a72df0a2fd096486e89dc202a2d1de4cc2c2084bb6728b136da7f89317ffade,PASS,False,True,True,,,,,,,,,False,False,False,False,False,False,False,False,False
final_work/evidence/9406432878_LANTERN_CAMI3_HYBRID_V4_DEVELOPMENT_20260820/variants/v4_ultra_strict_no_longitudinal/AUGMENTATION_SUMMARY.json,a3822c1ad2e1a78097791096bb1adecafcda0141676c6f95cff95b18008dd0ad,PASS,False,True,True,,,,,,,,,False,False,False,False,False,False,False,False,False
final_work/evidence/9407496312_LANTERN_CAMI3_HYBRID_V4_DEVELOPMENT_20260820/abundance/results/ABUNDANCE_AUDIT.json,bbc7c9c5515958509c4eb5e9d4cd905b308e3e96fdfabc2b8d07afd06684ea4b,UNKNOWN,False,True,True,,,,,,,,,False,False,False,False,False,False,False,False,False
final_work/evidence/9407496312_LANTERN_CAMI3_HYBRID_V4_DEVELOPMENT_20260820/candidates/clusters/CLUSTER_SUMMARY.json,2d46b79b6c90bd44be634f825fa422179c57fedf367dd9c6ed2c87e8d81f122e,UNKNOWN,False,True,True,,,,,,,,,False,False,False,False,False,False,False,False,False
final_work/evidence/9407496312_LANTERN_CAMI3_HYBRID_V4_DEVELOPMENT_20260820/decision/FROZEN_V4_WINNER_CONFIG.json,9d8b1a0e92300adcd30fd6ff3e5a44ad6d7f9480cc8c6487df22ffaa62c16400,UNKNOWN,False,True,True,,,,,,,,,False,False,False,False,False,False,False,False,False
final_work/evidence/9407496312_LANTERN_CAMI3_HYBRID_V4_DEVELOPMENT_20260820/evaluation/metaspades_hybrid_pair/GOLD_COVERAGE_SUMMARY.json,f8fecc255bc00c92e6fbaba24846a45aba7ff98d41ccb0e42005ba20b629bac4,UNKNOWN,False,True,True,,,,,,,,,False,False,False,False,False,False,False,False,False
final_work/evidence/9407496312_LANTERN_CAMI3_HYBRID_V4_DEVELOPMENT_20260820/evaluation/v4_balanced/GOLD_COVERAGE_SUMMARY.json,c6dd0196ae2c7e3fbe644ef2f4befb07ad3e0538a9c555461760dc264802a7f2,UNKNOWN,False,True,True,,,,,,,,,False,False,False,False,False,False,False,False,False
final_work/evidence/9407496312_LANTERN_CAMI3_HYBRID_V4_DEVELOPMENT_20260820/evaluation/v4_balanced_no_consensus/GOLD_COVERAGE_SUMMARY.json,be2da25e4a06c31529e6282459d27e7df50dd58f3a8ae41d624e7575d10a7d4c,UNKNOWN,False,True,True,,,,,,,,,False,False,False,False,False,False,False,False,False
final_work/evidence/9407496312_LANTERN_CAMI3_HYBRID_V4_DEVELOPMENT_20260820/evaluation/v4_balanced_no_long/GOLD_COVERAGE_SUMMARY.json,318ae70eddb359a641e4e982f5b45292b347c62ad84b1d7a60902c841824260e,UNKNOWN,False,True,True,,,,,,,,,False,False,False,False,False,False,False,False,False
final_work/evidence/9407496312_LANTERN_CAMI3_HYBRID_V4_DEVELOPMENT_20260820/evaluation/v4_balanced_no_longitudinal/GOLD_COVERAGE_SUMMARY.json,8177908b0b6b121d61a555ea73d79534eaa90d22d107a6e40da3a2a0f285abd5,UNKNOWN,False,True,True,,,,,,,,,False,False,False,False,False,False,False,False,False
final_work/evidence/9407496312_LANTERN_CAMI3_HYBRID_V4_DEVELOPMENT_20260820/evaluation/v4_consensus_strict/GOLD_COVERAGE_SUMMARY.json,9463cd2737709ce7c78d7c48a46dc6cc5d5bff52fd8d07b367c152a9f997be65,UNKNOWN,False,True,True,,,,,,,,,False,False,False,False,False,False,False,False,False
final_work/evidence/9407496312_LANTERN_CAMI3_HYBRID_V4_DEVELOPMENT_20260820/evaluation/v4_consensus_strict_no_longitudinal/GOLD_COVERAGE_SUMMARY.json,f084e9298ffc6f1cac84e1ae5a78e00a88887417ea4b1b7f3ddc839d61c6caeb,UNKNOWN,False,True,True,,,,,,,,,False,False,False,False,False,False,False,False,False
final_work/evidence/9407496312_LANTERN_CAMI3_HYBRID_V4_DEVELOPMENT_20260820/evaluation/v4_long_supported/GOLD_COVERAGE_SUMMARY.json,7e582c1e0f20c37791cf4bc69ea94cab5a2221fdb1c94099354d40b1e87fcb49,UNKNOWN,False,True,True,,,,,,,,,False,False,False,False,False,False,False,False,False
final_work/evidence/9407496312_LANTERN_CAMI3_HYBRID_V4_DEVELOPMENT_20260820/evaluation/v4_long_supported_no_longitudinal/GOLD_COVERAGE_SUMMARY.json,2be9773e19eaa874c89cc5f72700498d1b69a172e9a6678f1a8251bc51e0fafc,UNKNOWN,False,True,True,,,,,,,,,False,False,False,False,False,False,False,False,False
final_work/evidence/9407496312_LANTERN_CAMI3_HYBRID_V4_DEVELOPMENT_20260820/evaluation/v4_multimodal_strict/GOLD_COVERAGE_SUMMARY.json,0e24ee94b4cf69a036c3bd47bd7e98f804824e4deb6e962156fa876c8a63a868,UNKNOWN,False,True,True,,,,,,,,,False,False,False,False,False,False,False,False,False
final_work/evidence/9407496312_LANTERN_CAMI3_HYBRID_V4_DEVELOPMENT_20260820/evaluation/v4_multimodal_strict_no_longitudinal/GOLD_COVERAGE_SUMMARY.json,f1e1f2a99f6a568f47054a9b0c36490fbafd6b3c9a587c0bd337815a51789dd8,UNKNOWN,False,True,True,,,,,,,,,False,False,False,False,False,False,False,False,False
final_work/evidence/9407496312_LANTERN_CAMI3_HYBRID_V4_DEVELOPMENT_20260820/evaluation/v4_temporal_strict/GOLD_COVERAGE_SUMMARY.json,0664f7a2d8e9f309e5bd398237b5f858760f70fe7f47d86d8ab39743339570a4,UNKNOWN,False,True,True,,,,,,,,,False,False,False,False,False,False,False,False,False
final_work/evidence/9407496312_LANTERN_CAMI3_HYBRID_V4_DEVELOPMENT_20260820/evaluation/v4_temporal_strict_no_longitudinal/GOLD_COVERAGE_SUMMARY.json,e9e933982048f830135dd8eeb260eda07d34b7a7ac1d386c6ee373c312f799fa,UNKNOWN,False,True,True,,,,,,,,,False,False,False,False,False,False,False,False,False
final_work/evidence/9407496312_LANTERN_CAMI3_HYBRID_V4_DEVELOPMENT_20260820/evaluation/v4_ultra_strict/GOLD_COVERAGE_SUMMARY.json,655b4a631b15c3714c92fbc34a79eea9793528fc7d7a202023fd459168ebf5dd,UNKNOWN,False,True,True,,,,,,,,,False,False,False,False,False,False,False,False,False
final_work/evidence/9407496312_LANTERN_CAMI3_HYBRID_V4_DEVELOPMENT_20260820/evaluation/v4_ultra_strict_no_longitudinal/GOLD_COVERAGE_SUMMARY.json,405a52897e0c9d2cf3584fa855b3cbd19de4c58ab64fec870f5b12c9501ecc0b,UNKNOWN,False,True,True,,,,,,,,,False,False,False,False,False,False,False,False,False
final_work/evidence/9407496312_LANTERN_CAMI3_HYBRID_V4_DEVELOPMENT_20260820/truth/TRUTH_SUMMARY.json,8cb6c629eac59d5668074b8a1f2f32ad00e64d90f6d30297fd2430b253b677af,UNKNOWN,False,True,True,,,,,,,,,False,False,False,False,False,False,False,False,False
final_work/evidence/9407496312_LANTERN_CAMI3_HYBRID_V4_DEVELOPMENT_20260820/variants/v4_balanced_full/AUGMENTATION_SUMMARY.json,3bb36829abee0ca1f45af3dd8325ef9e71df69539cd8826a5eb79b8e8f14ce11,PASS,False,True,True,,,,,,,,,False,False,False,False,False,False,False,False,False
final_work/evidence/9407496312_LANTERN_CAMI3_HYBRID_V4_DEVELOPMENT_20260820/variants/v4_balanced_no_consensus/AUGMENTATION_SUMMARY.json,ea97ab08ef5ead9bcd51dcdee2a1d69ee2b0988991d5a61eab0987cdd4ab638e,PASS,False,True,True,,,,,,,,,False,False,False,False,False,False,False,False,False
final_work/evidence/9407496312_LANTERN_CAMI3_HYBRID_V4_DEVELOPMENT_20260820/variants/v4_balanced_no_long/AUGMENTATION_SUMMARY.json,2a2b2bcf13594e0af608ea85d1affb6db5d4970d87ba143077f6696959da0fdd,PASS,False,True,True,,,,,,,,,False,False,False,False,False,False,False,False,False
final_work/evidence/9407496312_LANTERN_CAMI3_HYBRID_V4_DEVELOPMENT_20260820/variants/v4_balanced_no_longitudinal/AUGMENTATION_SUMMARY.json,5a861af5d419bcd116884cdf8a1ee244ef633a552aab5c523e69acf36a2c3174,PASS,False,True,True,,,,,,,,,False,False,False,False,False,False,False,False,False
final_work/evidence/9407496312_LANTERN_CAMI3_HYBRID_V4_DEVELOPMENT_20260820/variants/v4_consensus_strict_full/AUGMENTATION_SUMMARY.json,f8bb7f25480751f45e98d26d06c16740c3373bc287beed1e15eaf47d8ec29c5a,PASS,False,True,True,,,,,,,,,False,False,False,False,False,False,False,False,False
final_work/evidence/9407496312_LANTERN_CAMI3_HYBRID_V4_DEVELOPMENT_20260820/variants/v4_consensus_strict_no_consensus/AUGMENTATION_SUMMARY.json,a01afd42bea05a91ab2eb69d06ad34159ee3220b4e1cd265bcd619281866621f,PASS,False,True,True,,,,,,,,,False,False,False,False,False,False,False,False,False
final_work/evidence/9407496312_LANTERN_CAMI3_HYBRID_V4_DEVELOPMENT_20260820/variants/v4_consensus_strict_no_long/AUGMENTATION_SUMMARY.json,b69dff966506d5bdb46c422c42921fbf88f6e5f3b33ee243c5070df85265066a,PASS,False,True,True,,,,,,,,,False,False,False,False,False,False,False,False,False
final_work/evidence/9407496312_LANTERN_CAMI3_HYBRID_V4_DEVELOPMENT_20260820/variants/v4_consensus_strict_no_longitudinal/AUGMENTATION_SUMMARY.json,50d99dcdfdf1929c54a6d56e9a5dfc782765b606367edbfe128abbb4e1c01611,PASS,False,True,True,,,,,,,,,False,False,False,False,False,False,False,False,False
final_work/evidence/9407496312_LANTERN_CAMI3_HYBRID_V4_DEVELOPMENT_20260820/variants/v4_long_supported_full/AUGMENTATION_SUMMARY.json,8c6e7a761a3393ad2091af9fc371123ad47c22c2f039ebb657d83d3ac35b61a4,PASS,False,True,True,,,,,,,,,False,False,False,False,False,False,False,False,False
final_work/evidence/9407496312_LANTERN_CAMI3_HYBRID_V4_DEVELOPMENT_20260820/variants/v4_long_supported_no_consensus/AUGMENTATION_SUMMARY.json,d0a67593b9b13ab01b2d5701e9db5233d5deb4985ac629d84afe4462718054b1,PASS,False,True,True,,,,,,,,,False,False,False,False,False,False,False,False,False
final_work/evidence/9407496312_LANTERN_CAMI3_HYBRID_V4_DEVELOPMENT_20260820/variants/v4_long_supported_no_long/AUGMENTATION_SUMMARY.json,62c9783d6a6d1167413bb204191428d13138f83a6225f489f3cd998d3cb1ee33,PASS,False,True,True,,,,,,,,,False,False,False,False,False,False,False,False,False
final_work/evidence/9407496312_LANTERN_CAMI3_HYBRID_V4_DEVELOPMENT_20260820/variants/v4_long_supported_no_longitudinal/AUGMENTATION_SUMMARY.json,1e82497462773e929e38245429db19e66d1e9f1a0edd4d9691e2b0292a9c2c60,PASS,False,True,True,,,,,,,,,False,False,False,False,False,False,False,False,False
final_work/evidence/9407496312_LANTERN_CAMI3_HYBRID_V4_DEVELOPMENT_20260820/variants/v4_multimodal_strict_full/AUGMENTATION_SUMMARY.json,0cf047edd9a599a3b34ab2c14cb46946042eb2ffe76b072d81fcb0bdb14ce567,PASS,False,True,True,,,,,,,,,False,False,False,False,False,False,False,False,False
final_work/evidence/9407496312_LANTERN_CAMI3_HYBRID_V4_DEVELOPMENT_20260820/variants/v4_multimodal_strict_no_consensus/AUGMENTATION_SUMMARY.json,322d66a6e92eef45721a5e4e0aa6a6fe812d46896464609a95e1accd5227779d,PASS,False,True,True,,,,,,,,,False,False,False,False,False,False,False,False,False
final_work/evidence/9407496312_LANTERN_CAMI3_HYBRID_V4_DEVELOPMENT_20260820/variants/v4_multimodal_strict_no_long/AUGMENTATION_SUMMARY.json,2ac2bfdda307efd058da7f6c344fdc456e15a59fbfadf8bdb5c9bc799a532e94,PASS,False,True,True,,,,,,,,,False,False,False,False,False,False,False,False,False
final_work/evidence/9407496312_LANTERN_CAMI3_HYBRID_V4_DEVELOPMENT_20260820/variants/v4_multimodal_strict_no_longitudinal/AUGMENTATION_SUMMARY.json,7c460f6789a050c55c6b87f3f202a1490bca13860ae60ef08e2300d5e5d84126,PASS,False,True,True,,,,,,,,,False,False,False,False,False,False,False,False,False
final_work/evidence/9407496312_LANTERN_CAMI3_HYBRID_V4_DEVELOPMENT_20260820/variants/v4_temporal_strict_full/AUGMENTATION_SUMMARY.json,ca3b50fd1d38bf921af5879063d65cbbe93d8fafea678ba8fab32a1d32d534c6,PASS,False,True,True,,,,,,,,,False,False,False,False,False,False,False,False,False
final_work/evidence/9407496312_LANTERN_CAMI3_HYBRID_V4_DEVELOPMENT_20260820/variants/v4_temporal_strict_no_consensus/AUGMENTATION_SUMMARY.json,d918eca8b930a15ba8a9f74b1003ee1c308cef7caeca4b22b3ad69481bc0e587,PASS,False,True,True,,,,,,,,,False,False,False,False,False,False,False,False,False
final_work/evidence/9407496312_LANTERN_CAMI3_HYBRID_V4_DEVELOPMENT_20260820/variants/v4_temporal_strict_no_long/AUGMENTATION_SUMMARY.json,dcab3916a2c7c0c7c732681b01cde9c69353578370cbe4fcd2969df33608f8a8,PASS,False,True,True,,,,,,,,,False,False,False,False,False,False,False,False,False
final_work/evidence/9407496312_LANTERN_CAMI3_HYBRID_V4_DEVELOPMENT_20260820/variants/v4_temporal_strict_no_longitudinal/AUGMENTATION_SUMMARY.json,9db7d49943b30362913a792cfaf480e837aee8a1745491d30ffe6c4271f40dd8,PASS,False,True,True,,,,,,,,,False,False,False,False,False,False,False,False,False
final_work/evidence/9407496312_LANTERN_CAMI3_HYBRID_V4_DEVELOPMENT_20260820/variants/v4_ultra_strict_full/AUGMENTATION_SUMMARY.json,6ff4a0e76dad5dc956fa9d148f3f070cf073f9d468b7552d1f4f4f10d200c028,PASS,False,True,True,,,,,,,,,False,False,False,False,False,False,False,False,False
final_work/evidence/9407496312_LANTERN_CAMI3_HYBRID_V4_DEVELOPMENT_20260820/variants/v4_ultra_strict_no_consensus/AUGMENTATION_SUMMARY.json,f3930249ed60e183badc5d044b20b17d7794924635c361302b1a2f0a38cbf7c2,PASS,False,True,True,,,,,,,,,False,False,False,False,False,False,False,False,False
final_work/evidence/9407496312_LANTERN_CAMI3_HYBRID_V4_DEVELOPMENT_20260820/variants/v4_ultra_strict_no_long/AUGMENTATION_SUMMARY.json,0a72df0a2fd096486e89dc202a2d1de4cc2c2084bb6728b136da7f89317ffade,PASS,False,True,True,,,,,,,,,False,False,False,False,False,False,False,False,False
final_work/evidence/9407496312_LANTERN_CAMI3_HYBRID_V4_DEVELOPMENT_20260820/variants/v4_ultra_strict_no_longitudinal/AUGMENTATION_SUMMARY.json,a3822c1ad2e1a78097791096bb1adecafcda0141676c6f95cff95b18008dd0ad,PASS,False,True,True,,,,,,,,,False,False,False,False,False,False,False,False,False
final_work/evidence/9413284544_LANTERN_CAMI3_TOY_SHORT_BENCHMARK_COMPACT_AUDIT_20260820/truth/TRUTH_SUMMARY.json,635e0e3c7bf4dd8d0244461a57f7fd8880c35657a0a48eb82908ceb021688afe,UNKNOWN,False,False,True,,,,,,,,,False,False,False,False,False,False,False,False,False
final_work/evidence/9413299231_LANTERN_CAMI3_ADDITIVE_RESCUE_DEVELOPMENT_20260820/evaluation/additive_rescue_all/GOLD_COVERAGE_SUMMARY.json,87052450813caf41c098e30392a02c256f05082a42a2f0cc0a5aac7bf57dc616,UNKNOWN,False,True,True,,,,,,,,,False,False,False,False,False,False,False,False,False
final_work/evidence/9413299231_LANTERN_CAMI3_ADDITIVE_RESCUE_DEVELOPMENT_20260820/evaluation/additive_rescue_high/GOLD_COVERAGE_SUMMARY.json,87052450813caf41c098e30392a02c256f05082a42a2f0cc0a5aac7bf57dc616,UNKNOWN,False,True,True,,,,,,,,,False,False,False,False,False,False,False,False,False
final_work/evidence/9413299231_LANTERN_CAMI3_ADDITIVE_RESCUE_DEVELOPMENT_20260820/evaluation/additive_rescue_length/GOLD_COVERAGE_SUMMARY.json,87052450813caf41c098e30392a02c256f05082a42a2f0cc0a5aac7bf57dc616,UNKNOWN,False,True,True,,,,,,,,,False,False,False,False,False,False,False,False,False
final_work/evidence/9413299231_LANTERN_CAMI3_ADDITIVE_RESCUE_DEVELOPMENT_20260820/evaluation/additive_rescue_strict/GOLD_COVERAGE_SUMMARY.json,87052450813caf41c098e30392a02c256f05082a42a2f0cc0a5aac7bf57dc616,UNKNOWN,False,True,True,,,,,,,,,False,False,False,False,False,False,False,False,False
final_work/evidence/9413299231_LANTERN_CAMI3_ADDITIVE_RESCUE_DEVELOPMENT_20260820/evaluation/additive_selected_nonbaseline/GOLD_COVERAGE_SUMMARY.json,6dd1f78eabeb804e2517ba330ad188bad916d674f9976f2d366d5b956d01430f,UNKNOWN,False,True,True,,,,,,,,,False,False,False,False,False,False,False,False,False
final_work/evidence/9413299231_LANTERN_CAMI3_ADDITIVE_RESCUE_DEVELOPMENT_20260820/evaluation/megahit_pair/GOLD_COVERAGE_SUMMARY.json,af8e714726853d0be108ce4d3a94e11af293c1e63cfbb190dbbe6081bad04d94,UNKNOWN,False,True,True,,,,,,,,,False,False,False,False,False,False,False,False,False
final_work/evidence/9413299231_LANTERN_CAMI3_ADDITIVE_RESCUE_DEVELOPMENT_20260820/variants/additive_rescue_all/ADDITIVE_SUMMARY.json,ba9c46c308c0dccd862d148f36b1e61b546a7544a41b40d846a0a08cbd650eba,UNKNOWN,False,True,True,,,,,,,,,False,False,False,False,False,False,False,False,False
final_work/evidence/9413299231_LANTERN_CAMI3_ADDITIVE_RESCUE_DEVELOPMENT_20260820/variants/additive_rescue_high/ADDITIVE_SUMMARY.json,be6104f632d2d659bf2dd47a1b3a8bfc1cf8272be900bca4567d90c4184e30a9,UNKNOWN,False,True,True,,,,,,,,,False,False,False,False,False,False,False,False,False
final_work/evidence/9413299231_LANTERN_CAMI3_ADDITIVE_RESCUE_DEVELOPMENT_20260820/variants/additive_rescue_length/ADDITIVE_SUMMARY.json,6e0534a17c0ab07ad3402e81ccf1f8f751089ae7d9ee960a2c01a1b1fc35ae7d,UNKNOWN,False,True,True,,,,,,,,,False,False,False,False,False,False,False,False,False
final_work/evidence/9413299231_LANTERN_CAMI3_ADDITIVE_RESCUE_DEVELOPMENT_20260820/variants/additive_rescue_strict/ADDITIVE_SUMMARY.json,bf38d3f8ca60d6b739aec8876e7e0a2f503dedff56233549b5f75ad4ae503a2f,UNKNOWN,False,True,True,,,,,,,,,False,False,False,False,False,False,False,False,False
final_work/evidence/9413299231_LANTERN_CAMI3_ADDITIVE_RESCUE_DEVELOPMENT_20260820/variants/additive_selected_nonbaseline/ADDITIVE_SUMMARY.json,0caebda3ba4f58c82df2088a4058d090a5194b45a000b4c23944d0ea99b5635a,UNKNOWN,False,True,True,,,,,,,,,False,False,False,False,False,False,False,False,False
final_work/evidence/9413355011_LANTERN_CAMI3_METAMDBG_DEVELOPMENT_COMPARISON_20260820/results/METAMDBG_DEVELOPMENT_VERDICT.json,d386174410b7028fb982c2782b550ced9e36cddb99eee04d24a232684415d67b,PASS,False,True,True,,,,,,,,,False,False,False,False,False,False,False,False,False
final_work/evidence/9413668407_LANTERN_CAMI3_TOY_SHORT_BENCHMARK_COMPACT_AUDIT_20260820/truth/TRUTH_SUMMARY.json,635e0e3c7bf4dd8d0244461a57f7fd8880c35657a0a48eb82908ceb021688afe,UNKNOWN,False,False,True,,,,,,,,,False,False,False,False,False,False,False,False,False
