ligand_std,n,mean_score,sd_score,dual_chain_fraction,mean_total_contacts,mean_optn_contacts,mean_tbk1_contacts,strong_cleft_fraction,res50_within_8A_fraction,mean_dist_res50,mean_median_rmsd,low_rmsd_system_fraction,stage16_preliminary_verdict,mean_LE,mean_heavy_atoms,recommended_role,mmgbsa_recommendation,priority_order
Coptisine,64,-6.49259375,0.2514627504839484,0.953125,6.25,3.40625,2.84375,0.84375,0.59375,8.18608568874399,4.0490302552823225,0.75,Main candidate; MM-GBSA priority if manual visual check confirms cleft burial | Stage16 contact gate: passes automated dual-chain/contact screen; pose reproducibility moderate,-0.27052473958333334,24.0,Main candidate: top-ranked interface-adjacent/surface-associated candidate; not a PPI disruptor,No-go for initial submission; optional single-ligand MM-GBSA only if reviewer requests,0
Cryptotanshinone,24,-6.185833333333334,0.322382255778105,0.9166666666666666,6.083333333333333,3.2916666666666665,2.7916666666666665,0.9166666666666666,0.75,6.571207946657509,4.384726230740713,0.5,New scaffold candidate; require flat-aromatic/scaffold-bias visual check | Stage16 contact gate: passes automated dual-chain/contact screen; pose reproducibility moderate,-0.28117424242424244,22.0,Exploratory/supplementary new scaffold; flat-aromatic/quinone scaffold-bias caution,No-go for initial submission,1
Tanshinone_IIA,24,-6.105708333333333,0.3590491645112573,0.9583333333333334,5.791666666666667,3.4166666666666665,2.375,0.875,0.875,5.434995021073719,5.584544897588663,0.25,New scaffold candidate; require flat-aromatic/scaffold-bias visual check | Stage16 contact gate: passes automated dual-chain/contact screen; pose reproducibility variable/manual review needed,-0.27753219696969694,22.0,Exploratory/supplementary new scaffold; flat-aromatic/quinone scaffold-bias caution,No-go for initial submission,2
Tanshinone_I,24,-6.007041666666667,0.3565042202526792,0.9583333333333334,5.958333333333333,3.0416666666666665,2.9166666666666665,0.7916666666666666,0.6666666666666666,6.6382303528435935,7.259132787453378,0.375,Conditional/supplementary; lower priority than Crypto/T-IIA | Stage16 contact gate: passes automated dual-chain/contact screen; pose reproducibility variable/manual review needed,-0.2860496031746032,21.0,Conditional/supplementary; grid-dependent,No-go for initial submission,3
Linarin,64,-5.8165625,0.4788404935403523,1.0,9.5,4.6875,4.8125,0.96875,0.90625,5.542775376184438,9.22427378532261,0.0,Method/glycoside size-bias caution case; not main | Stage16 contact gate: passes automated dual-chain/contact screen; pose reproducibility variable/manual review needed,-0.13848958333333333,42.0,Methodological caution case: CPU-Vina raw-score lead weakened under Uni-Dock; glycoside size-bias,No-go for initial submission,4
Acacetin,40,-5.55505,0.365971341879283,0.975,7.15,4.125,3.025,0.9,0.75,6.798299785895256,4.196982254623592,0.5,Comparison/reference; not main | Stage16 contact gate: passes automated dual-chain/contact screen; pose reproducibility moderate,-0.26452619047619047,21.0,Linarin aglycone control,No-go for initial submission,5
Berberine,40,-5.795975,0.1132246433944256,1.0,6.8,3.8,3.0,0.9,0.675,7.451886872084192,5.643787414310987,0.25,Comparison/reference; not main | Stage16 contact gate: passes automated dual-chain/contact screen; pose reproducibility variable/manual review needed,-0.231839,25.0,Protoberberine reference,No-go for initial submission,6
Quercetin,40,-5.5701,0.3319746514882862,1.0,7.725,4.725,3.0,0.875,0.775,5.529694846329597,7.1015052580971165,0.0,Control/reference; not a hit | Stage16 contact gate: passes automated dual-chain/contact screen; pose reproducibility variable/manual review needed,-0.25318636363636365,22.0,PAINS/promiscuous control,No-go for initial submission,7
Amlexanox,40,-5.3895,0.4055276398307106,1.0,7.1,3.825,3.275,1.0,0.75,5.567864817864867,5.919905250578078,0.0,Control/reference; not a hit | Stage16 contact gate: passes automated dual-chain/contact screen; pose reproducibility variable/manual review needed,-0.2449772727272727,22.0,ATP-site reference/control,No-go for initial submission,8
