pmcid_a,pmcid_b,label_a,label_b,same_label,jaccard,n_genes_a,n_genes_b
PMC9166517,PMC10882657,cardiovascular,cancer,False,0.125,4,14
PMC9166517,PMC12143954,cardiovascular,cancer,False,0.13333333333333333,4,13
PMC9166517,PMC12169005,cardiovascular,cardiovascular,True,0.1,4,7
PMC9166517,PMC11204876,cardiovascular,cancer,False,0.1111111111111111,4,6
PMC9166517,PMC11385794,cardiovascular,cancer,False,0.16666666666666666,4,10
PMC9166517,PMC9678516,cardiovascular,cancer,False,0.18181818181818182,4,9
PMC9166517,PMC9883450,cardiovascular,cancer,False,0.2857142857142857,4,5
PMC9166517,PMC11310868,cardiovascular,cancer,False,0.2727272727272727,4,10
PMC9166517,PMC12120097,cardiovascular,cancer,False,0.0,4,11
PMC9166517,PMC9205703,cardiovascular,cancer,False,0.0,4,7
PMC9166517,PMC12014062,cardiovascular,cancer,False,0.42857142857142855,4,6
PMC9166517,PMC10846330,cardiovascular,cancer,False,0.14285714285714285,4,4
PMC9166517,PMC8202066,cardiovascular,cancer,False,0.0,4,12
PMC9166517,PMC8975676,cardiovascular,cardiovascular,True,0.125,4,5
PMC9166517,PMC11114218,cardiovascular,cardiovascular,True,0.0,4,10
PMC9166517,PMC12246733,cardiovascular,cancer,False,0.0,4,7
PMC9166517,PMC9936039,cardiovascular,cardiovascular,True,0.0,4,6
PMC9166517,PMC7914091,cardiovascular,cancer,False,0.0967741935483871,4,30
PMC9166517,PMC12733305,cardiovascular,cancer,False,0.5,4,5
PMC9166517,PMC12494972,cardiovascular,cancer,False,0.0,4,5
PMC9166517,PMC11018190,cardiovascular,cancer,False,0.375,4,7
PMC9166517,PMC11471080,cardiovascular,cardiovascular,True,0.2857142857142857,4,5
PMC9166517,PMC11334046,cardiovascular,cancer,False,0.0,4,6
PMC9166517,PMC9869961,cardiovascular,cancer,False,0.0,4,4
PMC9166517,PMC10832243,cardiovascular,cancer,False,0.5,4,5
PMC9166517,PMC8923798,cardiovascular,cancer,False,0.14285714285714285,4,4
PMC9166517,PMC7808160,cardiovascular,cancer,False,0.0,4,7
PMC9166517,PMC9985903,cardiovascular,cancer,False,0.2727272727272727,4,10
PMC9166517,PMC12030508,cardiovascular,cancer,False,0.1111111111111111,4,16
PMC9166517,PMC8727110,cardiovascular,cancer,False,0.16666666666666666,4,10
PMC9166517,PMC12323944,cardiovascular,cancer,False,0.15384615384615385,4,11
PMC9166517,PMC8263254,cardiovascular,cancer,False,0.25,4,16
PMC9166517,PMC12582737,cardiovascular,cancer,False,0.2857142857142857,4,5
PMC9166517,PMC10911376,cardiovascular,cancer,False,0.0,4,6
PMC9166517,PMC9704970,cardiovascular,cardiovascular,True,0.09090909090909091,4,8
PMC9166517,PMC12419440,cardiovascular,cancer,False,0.6666666666666666,4,6
PMC9166517,PMC11770944,cardiovascular,cardiovascular,True,0.06666666666666667,4,12
PMC9166517,PMC9393234,cardiovascular,cancer,False,0.16666666666666666,4,10
PMC9166517,PMC9526650,cardiovascular,cancer,False,0.06666666666666667,4,12
PMC9166517,PMC9192289,cardiovascular,cancer,False,0.25,4,11
PMC9166517,PMC9641366,cardiovascular,cardiovascular,True,0.0,4,13
PMC9166517,PMC10607277,cardiovascular,cancer,False,0.0,4,6
PMC9166517,PMC9992681,cardiovascular,cancer,False,0.16666666666666666,4,10
PMC9166517,PMC12860169,cardiovascular,cancer,False,0.08333333333333333,4,9
PMC9166517,PMC9304584,cardiovascular,cancer,False,0.0,4,5
PMC9166517,PMC11427391,cardiovascular,cancer,False,0.07692307692307693,4,10
PMC9166517,PMC8096424,cardiovascular,cardiovascular,True,0.15384615384615385,4,11
PMC9166517,PMC10589944,cardiovascular,cancer,False,0.06666666666666667,4,12
PMC9166517,PMC12402425,cardiovascular,cancer,False,0.07692307692307693,4,10
PMC10882657,PMC12143954,cancer,cancer,True,0.22727272727272727,14,13
PMC10882657,PMC12169005,cancer,cardiovascular,False,0.05,14,7
PMC10882657,PMC11204876,cancer,cancer,True,0.1111111111111111,14,6
PMC10882657,PMC11385794,cancer,cancer,True,0.0,14,10
PMC10882657,PMC9678516,cancer,cancer,True,0.21052631578947367,14,9
PMC10882657,PMC9883450,cancer,cancer,True,0.0,14,5
PMC10882657,PMC11310868,cancer,cancer,True,0.043478260869565216,14,10
PMC10882657,PMC12120097,cancer,cancer,True,0.08695652173913043,14,11
PMC10882657,PMC9205703,cancer,cancer,True,0.05,14,7
PMC10882657,PMC12014062,cancer,cancer,True,0.1111111111111111,14,6
PMC10882657,PMC10846330,cancer,cancer,True,0.2,14,4
PMC10882657,PMC8202066,cancer,cancer,True,0.04,14,12
PMC10882657,PMC8975676,cancer,cardiovascular,False,0.05555555555555555,14,5
PMC10882657,PMC11114218,cancer,cardiovascular,False,0.043478260869565216,14,10
PMC10882657,PMC12246733,cancer,cancer,True,0.05,14,7
PMC10882657,PMC9936039,cancer,cardiovascular,False,0.05263157894736842,14,6
PMC10882657,PMC7914091,cancer,cancer,True,0.1891891891891892,14,30
PMC10882657,PMC12733305,cancer,cancer,True,0.11764705882352941,14,5
PMC10882657,PMC12494972,cancer,cancer,True,0.11764705882352941,14,5
PMC10882657,PMC11018190,cancer,cancer,True,0.23529411764705882,14,7
PMC10882657,PMC11471080,cancer,cardiovascular,False,0.11764705882352941,14,5
PMC10882657,PMC11334046,cancer,cancer,True,0.05263157894736842,14,6
PMC10882657,PMC9869961,cancer,cancer,True,0.0,14,4
PMC10882657,PMC10832243,cancer,cancer,True,0.11764705882352941,14,5
PMC10882657,PMC8923798,cancer,cancer,True,0.058823529411764705,14,4
PMC10882657,PMC7808160,cancer,cancer,True,0.0,14,7
PMC10882657,PMC9985903,cancer,cancer,True,0.2,14,10
PMC10882657,PMC12030508,cancer,cancer,True,0.1111111111111111,14,16
PMC10882657,PMC8727110,cancer,cancer,True,0.2,14,10
PMC10882657,PMC12323944,cancer,cancer,True,0.19047619047619047,14,11
PMC10882657,PMC8263254,cancer,cancer,True,0.15384615384615385,14,16
PMC10882657,PMC12582737,cancer,cancer,True,0.11764705882352941,14,5
PMC10882657,PMC10911376,cancer,cancer,True,0.05263157894736842,14,6
PMC10882657,PMC9704970,cancer,cardiovascular,False,0.15789473684210525,14,8
PMC10882657,PMC12419440,cancer,cancer,True,0.1111111111111111,14,6
PMC10882657,PMC11770944,cancer,cardiovascular,False,0.04,14,12
PMC10882657,PMC9393234,cancer,cancer,True,0.14285714285714285,14,10
PMC10882657,PMC9526650,cancer,cancer,True,0.08333333333333333,14,12
PMC10882657,PMC9192289,cancer,cancer,True,0.25,14,11
PMC10882657,PMC9641366,cancer,cardiovascular,False,0.08,14,13
PMC10882657,PMC10607277,cancer,cancer,True,0.05263157894736842,14,6
PMC10882657,PMC9992681,cancer,cancer,True,0.14285714285714285,14,10
PMC10882657,PMC12860169,cancer,cancer,True,0.15,14,9
PMC10882657,PMC9304584,cancer,cancer,True,0.0,14,5
PMC10882657,PMC11427391,cancer,cancer,True,0.0,14,10
PMC10882657,PMC8096424,cancer,cardiovascular,False,0.041666666666666664,14,11
PMC10882657,PMC10589944,cancer,cancer,True,0.04,14,12
PMC10882657,PMC12402425,cancer,cancer,True,0.14285714285714285,14,10
PMC12143954,PMC12169005,cancer,cardiovascular,False,0.25,13,7
PMC12143954,PMC11204876,cancer,cancer,True,0.05555555555555555,13,6
PMC12143954,PMC11385794,cancer,cancer,True,0.15,13,10
PMC12143954,PMC9678516,cancer,cancer,True,0.375,13,9
PMC12143954,PMC9883450,cancer,cancer,True,0.0,13,5
PMC12143954,PMC11310868,cancer,cancer,True,0.2777777777777778,13,10
PMC12143954,PMC12120097,cancer,cancer,True,0.2631578947368421,13,11
PMC12143954,PMC9205703,cancer,cancer,True,0.05263157894736842,13,7
PMC12143954,PMC12014062,cancer,cancer,True,0.1875,13,6
PMC12143954,PMC10846330,cancer,cancer,True,0.21428571428571427,13,4
PMC12143954,PMC8202066,cancer,cancer,True,0.0,13,12
PMC12143954,PMC8975676,cancer,cardiovascular,False,0.2,13,5
PMC12143954,PMC11114218,cancer,cardiovascular,False,0.15,13,10
PMC12143954,PMC12246733,cancer,cancer,True,0.17647058823529413,13,7
PMC12143954,PMC9936039,cancer,cardiovascular,False,0.11764705882352941,13,6
PMC12143954,PMC7914091,cancer,cancer,True,0.34375,13,30
PMC12143954,PMC12733305,cancer,cancer,True,0.125,13,5
PMC12143954,PMC12494972,cancer,cancer,True,0.058823529411764705,13,5
PMC12143954,PMC11018190,cancer,cancer,True,0.3333333333333333,13,7
PMC12143954,PMC11471080,cancer,cardiovascular,False,0.2857142857142857,13,5
PMC12143954,PMC11334046,cancer,cancer,True,0.05555555555555555,13,6
PMC12143954,PMC9869961,cancer,cancer,True,0.0,13,4
PMC12143954,PMC10832243,cancer,cancer,True,0.2,13,5
PMC12143954,PMC8923798,cancer,cancer,True,0.0625,13,4
PMC12143954,PMC7808160,cancer,cancer,True,0.05263157894736842,13,7
PMC12143954,PMC9985903,cancer,cancer,True,0.21052631578947367,13,10
PMC12143954,PMC12030508,cancer,cancer,True,0.16,13,16
PMC12143954,PMC8727110,cancer,cancer,True,0.21052631578947367,13,10
PMC12143954,PMC12323944,cancer,cancer,True,0.09090909090909091,13,11
PMC12143954,PMC8263254,cancer,cancer,True,0.16,13,16
PMC12143954,PMC12582737,cancer,cancer,True,0.2,13,5
PMC12143954,PMC10911376,cancer,cancer,True,0.05555555555555555,13,6
PMC12143954,PMC9704970,cancer,cardiovascular,False,0.10526315789473684,13,8
PMC12143954,PMC12419440,cancer,cancer,True,0.26666666666666666,13,6
PMC12143954,PMC11770944,cancer,cardiovascular,False,0.08695652173913043,13,12
PMC12143954,PMC9393234,cancer,cancer,True,0.2777777777777778,13,10
PMC12143954,PMC9526650,cancer,cancer,True,0.19047619047619047,13,12
PMC12143954,PMC9192289,cancer,cancer,True,0.2,13,11
PMC12143954,PMC9641366,cancer,cardiovascular,False,0.08333333333333333,13,13
PMC12143954,PMC10607277,cancer,cancer,True,0.0,13,6
PMC12143954,PMC9992681,cancer,cancer,True,0.15,13,10
PMC12143954,PMC12860169,cancer,cancer,True,0.15789473684210525,13,9
PMC12143954,PMC9304584,cancer,cancer,True,0.058823529411764705,13,5
PMC12143954,PMC11427391,cancer,cancer,True,0.09523809523809523,13,10
PMC12143954,PMC8096424,cancer,cardiovascular,False,0.09090909090909091,13,11
PMC12143954,PMC10589944,cancer,cancer,True,0.0,13,12
PMC12143954,PMC12402425,cancer,cancer,True,0.2777777777777778,13,10
PMC12169005,PMC11204876,cardiovascular,cancer,False,0.0,7,6
PMC12169005,PMC11385794,cardiovascular,cancer,False,0.0625,7,10
PMC12169005,PMC9678516,cardiovascular,cancer,False,0.23076923076923078,7,9
PMC12169005,PMC9883450,cardiovascular,cancer,False,0.0,7,5
PMC12169005,PMC11310868,cardiovascular,cancer,False,0.13333333333333333,7,10
PMC12169005,PMC12120097,cardiovascular,cancer,False,0.125,7,11
PMC12169005,PMC9205703,cardiovascular,cancer,False,0.0,7,7
PMC12169005,PMC12014062,cardiovascular,cancer,False,0.18181818181818182,7,6
PMC12169005,PMC10846330,cardiovascular,cancer,False,0.0,7,4
PMC12169005,PMC8202066,cardiovascular,cancer,False,0.0,7,12
PMC12169005,PMC8975676,cardiovascular,cardiovascular,True,0.3333333333333333,7,5
PMC12169005,PMC11114218,cardiovascular,cardiovascular,True,0.21428571428571427,7,10
PMC12169005,PMC12246733,cardiovascular,cancer,False,0.16666666666666666,7,7
PMC12169005,PMC9936039,cardiovascular,cardiovascular,True,0.0,7,6
PMC12169005,PMC7914091,cardiovascular,cancer,False,0.12121212121212122,7,30
PMC12169005,PMC12733305,cardiovascular,cancer,False,0.09090909090909091,7,5
PMC12169005,PMC12494972,cardiovascular,cancer,False,0.0,7,5
PMC12169005,PMC11018190,cardiovascular,cancer,False,0.07692307692307693,7,7
PMC12169005,PMC11471080,cardiovascular,cardiovascular,True,0.3333333333333333,7,5
PMC12169005,PMC11334046,cardiovascular,cancer,False,0.0,7,6
PMC12169005,PMC9869961,cardiovascular,cancer,False,0.0,7,4
PMC12169005,PMC10832243,cardiovascular,cancer,False,0.09090909090909091,7,5
PMC12169005,PMC8923798,cardiovascular,cancer,False,0.1,7,4
PMC12169005,PMC7808160,cardiovascular,cancer,False,0.0,7,7
PMC12169005,PMC9985903,cardiovascular,cancer,False,0.0625,7,10
PMC12169005,PMC12030508,cardiovascular,cancer,False,0.09523809523809523,7,16
PMC12169005,PMC8727110,cardiovascular,cancer,False,0.13333333333333333,7,10
PMC12169005,PMC12323944,cardiovascular,cancer,False,0.058823529411764705,7,11
PMC12169005,PMC8263254,cardiovascular,cancer,False,0.045454545454545456,7,16
PMC12169005,PMC12582737,cardiovascular,cancer,False,0.0,7,5
PMC12169005,PMC10911376,cardiovascular,cancer,False,0.0,7,6
PMC12169005,PMC9704970,cardiovascular,cardiovascular,True,0.0,7,8
PMC12169005,PMC12419440,cardiovascular,cancer,False,0.18181818181818182,7,6
PMC12169005,PMC11770944,cardiovascular,cardiovascular,True,0.05555555555555555,7,12
PMC12169005,PMC9393234,cardiovascular,cancer,False,0.21428571428571427,7,10
PMC12169005,PMC9526650,cardiovascular,cancer,False,0.05555555555555555,7,12
PMC12169005,PMC9192289,cardiovascular,cancer,False,0.058823529411764705,7,11
PMC12169005,PMC9641366,cardiovascular,cardiovascular,True,0.05263157894736842,7,13
PMC12169005,PMC10607277,cardiovascular,cancer,False,0.0,7,6
PMC12169005,PMC9992681,cardiovascular,cancer,False,0.0625,7,10
PMC12169005,PMC12860169,cardiovascular,cancer,False,0.0,7,9
PMC12169005,PMC9304584,cardiovascular,cancer,False,0.09090909090909091,7,5
PMC12169005,PMC11427391,cardiovascular,cancer,False,0.0625,7,10
PMC12169005,PMC8096424,cardiovascular,cardiovascular,True,0.2,7,11
PMC12169005,PMC10589944,cardiovascular,cancer,False,0.0,7,12
PMC12169005,PMC12402425,cardiovascular,cancer,False,0.13333333333333333,7,10
PMC11204876,PMC11385794,cancer,cancer,True,0.06666666666666667,6,10
PMC11204876,PMC9678516,cancer,cancer,True,0.15384615384615385,6,9
PMC11204876,PMC9883450,cancer,cancer,True,0.1,6,5
PMC11204876,PMC11310868,cancer,cancer,True,0.06666666666666667,6,10
PMC11204876,PMC12120097,cancer,cancer,True,0.0625,6,11
PMC11204876,PMC9205703,cancer,cancer,True,0.0,6,7
PMC11204876,PMC12014062,cancer,cancer,True,0.09090909090909091,6,6
PMC11204876,PMC10846330,cancer,cancer,True,0.1111111111111111,6,4
PMC11204876,PMC8202066,cancer,cancer,True,0.0,6,12
PMC11204876,PMC8975676,cancer,cardiovascular,False,0.0,6,5
PMC11204876,PMC11114218,cancer,cardiovascular,False,0.0,6,10
PMC11204876,PMC12246733,cancer,cancer,True,0.08333333333333333,6,7
PMC11204876,PMC9936039,cancer,cardiovascular,False,0.09090909090909091,6,6
PMC11204876,PMC7914091,cancer,cancer,True,0.125,6,30
PMC11204876,PMC12733305,cancer,cancer,True,0.375,6,5
PMC11204876,PMC12494972,cancer,cancer,True,0.2222222222222222,6,5
PMC11204876,PMC11018190,cancer,cancer,True,0.08333333333333333,6,7
PMC11204876,PMC11471080,cancer,cardiovascular,False,0.0,6,5
PMC11204876,PMC11334046,cancer,cancer,True,0.09090909090909091,6,6
PMC11204876,PMC9869961,cancer,cancer,True,0.1111111111111111,6,4
PMC11204876,PMC10832243,cancer,cancer,True,0.1,6,5
PMC11204876,PMC8923798,cancer,cancer,True,0.1111111111111111,6,4
PMC11204876,PMC7808160,cancer,cancer,True,0.0,6,7
PMC11204876,PMC9985903,cancer,cancer,True,0.0,6,10
PMC11204876,PMC12030508,cancer,cancer,True,0.2222222222222222,6,16
PMC11204876,PMC8727110,cancer,cancer,True,0.06666666666666667,6,10
PMC11204876,PMC12323944,cancer,cancer,True,0.21428571428571427,6,11
PMC11204876,PMC8263254,cancer,cancer,True,0.29411764705882354,6,16
PMC11204876,PMC12582737,cancer,cancer,True,0.2222222222222222,6,5
PMC11204876,PMC10911376,cancer,cancer,True,0.0,6,6
PMC11204876,PMC9704970,cancer,cardiovascular,False,0.07692307692307693,6,8
PMC11204876,PMC12419440,cancer,cancer,True,0.09090909090909091,6,6
PMC11204876,PMC11770944,cancer,cardiovascular,False,0.125,6,12
PMC11204876,PMC9393234,cancer,cancer,True,0.14285714285714285,6,10
PMC11204876,PMC9526650,cancer,cancer,True,0.058823529411764705,6,12
PMC11204876,PMC9192289,cancer,cancer,True,0.13333333333333333,6,11
PMC11204876,PMC9641366,cancer,cardiovascular,False,0.0,6,13
PMC11204876,PMC10607277,cancer,cancer,True,0.0,6,6
PMC11204876,PMC9992681,cancer,cancer,True,0.23076923076923078,6,10
PMC11204876,PMC12860169,cancer,cancer,True,0.36363636363636365,6,9
PMC11204876,PMC9304584,cancer,cancer,True,0.0,6,5
PMC11204876,PMC11427391,cancer,cancer,True,0.0,6,10
PMC11204876,PMC8096424,cancer,cardiovascular,False,0.0625,6,11
PMC11204876,PMC10589944,cancer,cancer,True,0.125,6,12
PMC11204876,PMC12402425,cancer,cancer,True,0.14285714285714285,6,10
PMC11385794,PMC9678516,cancer,cancer,True,0.05555555555555555,10,9
PMC11385794,PMC9883450,cancer,cancer,True,0.15384615384615385,10,5
PMC11385794,PMC11310868,cancer,cancer,True,0.17647058823529413,10,10
PMC11385794,PMC12120097,cancer,cancer,True,0.16666666666666666,10,11
PMC11385794,PMC9205703,cancer,cancer,True,0.0,10,7
PMC11385794,PMC12014062,cancer,cancer,True,0.06666666666666667,10,6
PMC11385794,PMC10846330,cancer,cancer,True,0.0,10,4
PMC11385794,PMC8202066,cancer,cancer,True,0.0,10,12
PMC11385794,PMC8975676,cancer,cardiovascular,False,0.0,10,5
PMC11385794,PMC11114218,cancer,cardiovascular,False,0.1111111111111111,10,10
PMC11385794,PMC12246733,cancer,cancer,True,0.13333333333333333,10,7
PMC11385794,PMC9936039,cancer,cardiovascular,False,0.06666666666666667,10,6
PMC11385794,PMC7914091,cancer,cancer,True,0.14285714285714285,10,30
PMC11385794,PMC12733305,cancer,cancer,True,0.15384615384615385,10,5
PMC11385794,PMC12494972,cancer,cancer,True,0.0,10,5
PMC11385794,PMC11018190,cancer,cancer,True,0.13333333333333333,10,7
PMC11385794,PMC11471080,cancer,cardiovascular,False,0.0,10,5
PMC11385794,PMC11334046,cancer,cancer,True,0.0,10,6
PMC11385794,PMC9869961,cancer,cancer,True,0.0,10,4
PMC11385794,PMC10832243,cancer,cancer,True,0.15384615384615385,10,5
PMC11385794,PMC8923798,cancer,cancer,True,0.0,10,4
PMC11385794,PMC7808160,cancer,cancer,True,0.0625,10,7
PMC11385794,PMC9985903,cancer,cancer,True,0.05263157894736842,10,10
PMC11385794,PMC12030508,cancer,cancer,True,0.18181818181818182,10,16
PMC11385794,PMC8727110,cancer,cancer,True,0.0,10,10
PMC11385794,PMC12323944,cancer,cancer,True,0.05,10,11
PMC11385794,PMC8263254,cancer,cancer,True,0.18181818181818182,10,16
PMC11385794,PMC12582737,cancer,cancer,True,0.15384615384615385,10,5
PMC11385794,PMC10911376,cancer,cancer,True,0.0,10,6
PMC11385794,PMC9704970,cancer,cardiovascular,False,0.058823529411764705,10,8
PMC11385794,PMC12419440,cancer,cancer,True,0.23076923076923078,10,6
PMC11385794,PMC11770944,cancer,cardiovascular,False,0.15789473684210525,10,12
PMC11385794,PMC9393234,cancer,cancer,True,0.17647058823529413,10,10
PMC11385794,PMC9526650,cancer,cancer,True,0.047619047619047616,10,12
PMC11385794,PMC9192289,cancer,cancer,True,0.10526315789473684,10,11
PMC11385794,PMC9641366,cancer,cardiovascular,False,0.0,10,13
PMC11385794,PMC10607277,cancer,cancer,True,0.0,10,6
PMC11385794,PMC9992681,cancer,cancer,True,0.05263157894736842,10,10
PMC11385794,PMC12860169,cancer,cancer,True,0.11764705882352941,10,9
PMC11385794,PMC9304584,cancer,cancer,True,0.07142857142857142,10,5
PMC11385794,PMC11427391,cancer,cancer,True,0.1111111111111111,10,10
PMC11385794,PMC8096424,cancer,cardiovascular,False,0.10526315789473684,10,11
PMC11385794,PMC10589944,cancer,cancer,True,0.1,10,12
PMC11385794,PMC12402425,cancer,cancer,True,0.17647058823529413,10,10
PMC9678516,PMC9883450,cancer,cancer,True,0.0,9,5
PMC9678516,PMC11310868,cancer,cancer,True,0.05555555555555555,9,10
PMC9678516,PMC12120097,cancer,cancer,True,0.17647058823529413,9,11
PMC9678516,PMC9205703,cancer,cancer,True,0.0,9,7
PMC9678516,PMC12014062,cancer,cancer,True,0.25,9,6
PMC9678516,PMC10846330,cancer,cancer,True,0.18181818181818182,9,4
PMC9678516,PMC8202066,cancer,cancer,True,0.0,9,12
PMC9678516,PMC8975676,cancer,cardiovascular,False,0.2727272727272727,9,5
PMC9678516,PMC11114218,cancer,cardiovascular,False,0.05555555555555555,9,10
PMC9678516,PMC12246733,cancer,cancer,True,0.14285714285714285,9,7
PMC9678516,PMC9936039,cancer,cardiovascular,False,0.15384615384615385,9,6
PMC9678516,PMC7914091,cancer,cancer,True,0.3,9,30
PMC9678516,PMC12733305,cancer,cancer,True,0.16666666666666666,9,5
PMC9678516,PMC12494972,cancer,cancer,True,0.2727272727272727,9,5
PMC9678516,PMC11018190,cancer,cancer,True,0.3333333333333333,9,7
PMC9678516,PMC11471080,cancer,cardiovascular,False,0.4,9,5
PMC9678516,PMC11334046,cancer,cancer,True,0.07142857142857142,9,6
PMC9678516,PMC9869961,cancer,cancer,True,0.0,9,4
PMC9678516,PMC10832243,cancer,cancer,True,0.4,9,5
PMC9678516,PMC8923798,cancer,cancer,True,0.08333333333333333,9,4
PMC9678516,PMC7808160,cancer,cancer,True,0.0,9,7
PMC9678516,PMC9985903,cancer,cancer,True,0.11764705882352941,9,10
PMC9678516,PMC12030508,cancer,cancer,True,0.13636363636363635,9,16
PMC9678516,PMC8727110,cancer,cancer,True,0.46153846153846156,9,10
PMC9678516,PMC12323944,cancer,cancer,True,0.17647058823529413,9,11
PMC9678516,PMC8263254,cancer,cancer,True,0.3888888888888889,9,16
PMC9678516,PMC12582737,cancer,cancer,True,0.2727272727272727,9,5
PMC9678516,PMC10911376,cancer,cancer,True,0.0,9,6
PMC9678516,PMC9704970,cancer,cardiovascular,False,0.21428571428571427,9,8
PMC9678516,PMC12419440,cancer,cancer,True,0.36363636363636365,9,6
PMC9678516,PMC11770944,cancer,cardiovascular,False,0.16666666666666666,9,12
PMC9678516,PMC9393234,cancer,cancer,True,0.1875,9,10
PMC9678516,PMC9526650,cancer,cancer,True,0.16666666666666666,9,12
PMC9678516,PMC9192289,cancer,cancer,True,0.3333333333333333,9,11
PMC9678516,PMC9641366,cancer,cardiovascular,False,0.1,9,13
PMC9678516,PMC10607277,cancer,cancer,True,0.0,9,6
PMC9678516,PMC9992681,cancer,cancer,True,0.1875,9,10
PMC9678516,PMC12860169,cancer,cancer,True,0.125,9,9
PMC9678516,PMC9304584,cancer,cancer,True,0.0,9,5
PMC9678516,PMC11427391,cancer,cancer,True,0.11764705882352941,9,10
PMC9678516,PMC8096424,cancer,cardiovascular,False,0.05263157894736842,9,11
PMC9678516,PMC10589944,cancer,cancer,True,0.05,9,12
PMC9678516,PMC12402425,cancer,cancer,True,0.11764705882352941,9,10
PMC9883450,PMC11310868,cancer,cancer,True,0.15384615384615385,5,10
PMC9883450,PMC12120097,cancer,cancer,True,0.0,5,11
PMC9883450,PMC9205703,cancer,cancer,True,0.0,5,7
PMC9883450,PMC12014062,cancer,cancer,True,0.1,5,6
PMC9883450,PMC10846330,cancer,cancer,True,0.125,5,4
PMC9883450,PMC8202066,cancer,cancer,True,0.0625,5,12
PMC9883450,PMC8975676,cancer,cardiovascular,False,0.1111111111111111,5,5
PMC9883450,PMC11114218,cancer,cardiovascular,False,0.0,5,10
PMC9883450,PMC12246733,cancer,cancer,True,0.0,5,7
PMC9883450,PMC9936039,cancer,cardiovascular,False,0.0,5,6
PMC9883450,PMC7914091,cancer,cancer,True,0.06060606060606061,5,30
PMC9883450,PMC12733305,cancer,cancer,True,0.25,5,5
PMC9883450,PMC12494972,cancer,cancer,True,0.0,5,5
PMC9883450,PMC11018190,cancer,cancer,True,0.09090909090909091,5,7
PMC9883450,PMC11471080,cancer,cardiovascular,False,0.1111111111111111,5,5
PMC9883450,PMC11334046,cancer,cancer,True,0.0,5,6
PMC9883450,PMC9869961,cancer,cancer,True,0.0,5,4
PMC9883450,PMC10832243,cancer,cancer,True,0.1111111111111111,5,5
PMC9883450,PMC8923798,cancer,cancer,True,0.0,5,4
PMC9883450,PMC7808160,cancer,cancer,True,0.0,5,7
PMC9883450,PMC9985903,cancer,cancer,True,0.07142857142857142,5,10
PMC9883450,PMC12030508,cancer,cancer,True,0.05,5,16
PMC9883450,PMC8727110,cancer,cancer,True,0.0,5,10
PMC9883450,PMC12323944,cancer,cancer,True,0.06666666666666667,5,11
PMC9883450,PMC8263254,cancer,cancer,True,0.16666666666666666,5,16
PMC9883450,PMC12582737,cancer,cancer,True,0.1111111111111111,5,5
PMC9883450,PMC10911376,cancer,cancer,True,0.0,5,6
PMC9883450,PMC9704970,cancer,cardiovascular,False,0.0,5,8
PMC9883450,PMC12419440,cancer,cancer,True,0.2222222222222222,5,6
PMC9883450,PMC11770944,cancer,cardiovascular,False,0.0625,5,12
PMC9883450,PMC9393234,cancer,cancer,True,0.07142857142857142,5,10
PMC9883450,PMC9526650,cancer,cancer,True,0.0,5,12
PMC9883450,PMC9192289,cancer,cancer,True,0.14285714285714285,5,11
PMC9883450,PMC9641366,cancer,cardiovascular,False,0.0,5,13
PMC9883450,PMC10607277,cancer,cancer,True,0.0,5,6
PMC9883450,PMC9992681,cancer,cancer,True,0.07142857142857142,5,10
PMC9883450,PMC12860169,cancer,cancer,True,0.07692307692307693,5,9
PMC9883450,PMC9304584,cancer,cancer,True,0.0,5,5
PMC9883450,PMC11427391,cancer,cancer,True,0.07142857142857142,5,10
PMC9883450,PMC8096424,cancer,cardiovascular,False,0.06666666666666667,5,11
PMC9883450,PMC10589944,cancer,cancer,True,0.0625,5,12
PMC9883450,PMC12402425,cancer,cancer,True,0.0,5,10
PMC11310868,PMC12120097,cancer,cancer,True,0.10526315789473684,10,11
PMC11310868,PMC9205703,cancer,cancer,True,0.0625,10,7
PMC11310868,PMC12014062,cancer,cancer,True,0.14285714285714285,10,6
PMC11310868,PMC10846330,cancer,cancer,True,0.0,10,4
PMC11310868,PMC8202066,cancer,cancer,True,0.0,10,12
PMC11310868,PMC8975676,cancer,cardiovascular,False,0.07142857142857142,10,5
PMC11310868,PMC11114218,cancer,cardiovascular,False,0.17647058823529413,10,10
PMC11310868,PMC12246733,cancer,cancer,True,0.0625,10,7
PMC11310868,PMC9936039,cancer,cardiovascular,False,0.0,10,6
PMC11310868,PMC7914091,cancer,cancer,True,0.14285714285714285,10,30
PMC11310868,PMC12733305,cancer,cancer,True,0.25,10,5
PMC11310868,PMC12494972,cancer,cancer,True,0.0,10,5
PMC11310868,PMC11018190,cancer,cancer,True,0.21428571428571427,10,7
PMC11310868,PMC11471080,cancer,cardiovascular,False,0.07142857142857142,10,5
PMC11310868,PMC11334046,cancer,cancer,True,0.06666666666666667,10,6
PMC11310868,PMC9869961,cancer,cancer,True,0.0,10,4
PMC11310868,PMC10832243,cancer,cancer,True,0.15384615384615385,10,5
PMC11310868,PMC8923798,cancer,cancer,True,0.16666666666666666,10,4
PMC11310868,PMC7808160,cancer,cancer,True,0.0,10,7
PMC11310868,PMC9985903,cancer,cancer,True,0.25,10,10
PMC11310868,PMC12030508,cancer,cancer,True,0.18181818181818182,10,16
PMC11310868,PMC8727110,cancer,cancer,True,0.1111111111111111,10,10
PMC11310868,PMC12323944,cancer,cancer,True,0.16666666666666666,10,11
PMC11310868,PMC8263254,cancer,cancer,True,0.13043478260869565,10,16
PMC11310868,PMC12582737,cancer,cancer,True,0.07142857142857142,10,5
PMC11310868,PMC10911376,cancer,cancer,True,0.0,10,6
PMC11310868,PMC9704970,cancer,cardiovascular,False,0.058823529411764705,10,8
PMC11310868,PMC12419440,cancer,cancer,True,0.23076923076923078,10,6
PMC11310868,PMC11770944,cancer,cardiovascular,False,0.1,10,12
PMC11310868,PMC9393234,cancer,cancer,True,0.17647058823529413,10,10
PMC11310868,PMC9526650,cancer,cancer,True,0.15789473684210525,10,12
PMC11310868,PMC9192289,cancer,cancer,True,0.16666666666666666,10,11
PMC11310868,PMC9641366,cancer,cardiovascular,False,0.09523809523809523,10,13
PMC11310868,PMC10607277,cancer,cancer,True,0.0,10,6
PMC11310868,PMC9992681,cancer,cancer,True,0.25,10,10
PMC11310868,PMC12860169,cancer,cancer,True,0.05555555555555555,10,9
PMC11310868,PMC9304584,cancer,cancer,True,0.07142857142857142,10,5
PMC11310868,PMC11427391,cancer,cancer,True,0.05263157894736842,10,10
PMC11310868,PMC8096424,cancer,cardiovascular,False,0.16666666666666666,10,11
PMC11310868,PMC10589944,cancer,cancer,True,0.047619047619047616,10,12
PMC11310868,PMC12402425,cancer,cancer,True,0.1111111111111111,10,10
PMC12120097,PMC9205703,cancer,cancer,True,0.0,11,7
PMC12120097,PMC12014062,cancer,cancer,True,0.13333333333333333,11,6
PMC12120097,PMC10846330,cancer,cancer,True,0.0,11,4
PMC12120097,PMC8202066,cancer,cancer,True,0.045454545454545456,11,12
PMC12120097,PMC8975676,cancer,cardiovascular,False,0.06666666666666667,11,5
PMC12120097,PMC11114218,cancer,cardiovascular,False,0.05,11,10
PMC12120097,PMC12246733,cancer,cancer,True,0.125,11,7
PMC12120097,PMC9936039,cancer,cardiovascular,False,0.0625,11,6
PMC12120097,PMC7914091,cancer,cancer,True,0.28125,11,30
PMC12120097,PMC12733305,cancer,cancer,True,0.0,11,5
PMC12120097,PMC12494972,cancer,cancer,True,0.06666666666666667,11,5
PMC12120097,PMC11018190,cancer,cancer,True,0.058823529411764705,11,7
PMC12120097,PMC11471080,cancer,cardiovascular,False,0.06666666666666667,11,5
PMC12120097,PMC11334046,cancer,cancer,True,0.0,11,6
PMC12120097,PMC9869961,cancer,cancer,True,0.0,11,4
PMC12120097,PMC10832243,cancer,cancer,True,0.06666666666666667,11,5
PMC12120097,PMC8923798,cancer,cancer,True,0.0,11,4
PMC12120097,PMC7808160,cancer,cancer,True,0.058823529411764705,11,7
PMC12120097,PMC9985903,cancer,cancer,True,0.05,11,10
PMC12120097,PMC12030508,cancer,cancer,True,0.125,11,16
PMC12120097,PMC8727110,cancer,cancer,True,0.10526315789473684,11,10
PMC12120097,PMC12323944,cancer,cancer,True,0.047619047619047616,11,11
PMC12120097,PMC8263254,cancer,cancer,True,0.08,11,16
PMC12120097,PMC12582737,cancer,cancer,True,0.06666666666666667,11,5
PMC12120097,PMC10911376,cancer,cancer,True,0.0,11,6
PMC12120097,PMC9704970,cancer,cardiovascular,False,0.11764705882352941,11,8
PMC12120097,PMC12419440,cancer,cancer,True,0.13333333333333333,11,6
PMC12120097,PMC11770944,cancer,cardiovascular,False,0.09523809523809523,11,12
PMC12120097,PMC9393234,cancer,cancer,True,0.10526315789473684,11,10
PMC12120097,PMC9526650,cancer,cancer,True,0.09523809523809523,11,12
PMC12120097,PMC9192289,cancer,cancer,True,0.1,11,11
PMC12120097,PMC9641366,cancer,cardiovascular,False,0.14285714285714285,11,13
PMC12120097,PMC10607277,cancer,cancer,True,0.0625,11,6
PMC12120097,PMC9992681,cancer,cancer,True,0.10526315789473684,11,10
PMC12120097,PMC12860169,cancer,cancer,True,0.05263157894736842,11,9
PMC12120097,PMC9304584,cancer,cancer,True,0.06666666666666667,11,5
PMC12120097,PMC11427391,cancer,cancer,True,0.10526315789473684,11,10
PMC12120097,PMC8096424,cancer,cardiovascular,False,0.047619047619047616,11,11
PMC12120097,PMC10589944,cancer,cancer,True,0.045454545454545456,11,12
PMC12120097,PMC12402425,cancer,cancer,True,0.10526315789473684,11,10
PMC9205703,PMC12014062,cancer,cancer,True,0.0,7,6
PMC9205703,PMC10846330,cancer,cancer,True,0.1,7,4
PMC9205703,PMC8202066,cancer,cancer,True,0.0,7,12
PMC9205703,PMC8975676,cancer,cardiovascular,False,0.09090909090909091,7,5
PMC9205703,PMC11114218,cancer,cardiovascular,False,0.0625,7,10
PMC9205703,PMC12246733,cancer,cancer,True,0.07692307692307693,7,7
PMC9205703,PMC9936039,cancer,cardiovascular,False,0.0,7,6
PMC9205703,PMC7914091,cancer,cancer,True,0.05714285714285714,7,30
PMC9205703,PMC12733305,cancer,cancer,True,0.0,7,5
PMC9205703,PMC12494972,cancer,cancer,True,0.09090909090909091,7,5
PMC9205703,PMC11018190,cancer,cancer,True,0.07692307692307693,7,7
PMC9205703,PMC11471080,cancer,cardiovascular,False,0.0,7,5
PMC9205703,PMC11334046,cancer,cancer,True,0.08333333333333333,7,6
PMC9205703,PMC9869961,cancer,cancer,True,0.0,7,4
PMC9205703,PMC10832243,cancer,cancer,True,0.0,7,5
PMC9205703,PMC8923798,cancer,cancer,True,0.0,7,4
PMC9205703,PMC7808160,cancer,cancer,True,0.07692307692307693,7,7
PMC9205703,PMC9985903,cancer,cancer,True,0.13333333333333333,7,10
PMC9205703,PMC12030508,cancer,cancer,True,0.21052631578947367,7,16
PMC9205703,PMC8727110,cancer,cancer,True,0.0,7,10
PMC9205703,PMC12323944,cancer,cancer,True,0.125,7,11
PMC9205703,PMC8263254,cancer,cancer,True,0.045454545454545456,7,16
PMC9205703,PMC12582737,cancer,cancer,True,0.0,7,5
PMC9205703,PMC10911376,cancer,cancer,True,0.08333333333333333,7,6
PMC9205703,PMC9704970,cancer,cardiovascular,False,0.07142857142857142,7,8
PMC9205703,PMC12419440,cancer,cancer,True,0.0,7,6
PMC9205703,PMC11770944,cancer,cardiovascular,False,0.05555555555555555,7,12
PMC9205703,PMC9393234,cancer,cancer,True,0.0,7,10
PMC9205703,PMC9526650,cancer,cancer,True,0.1875,7,12
PMC9205703,PMC9192289,cancer,cancer,True,0.0,7,11
PMC9205703,PMC9641366,cancer,cardiovascular,False,0.1111111111111111,7,13
PMC9205703,PMC10607277,cancer,cancer,True,0.0,7,6
PMC9205703,PMC9992681,cancer,cancer,True,0.0625,7,10
PMC9205703,PMC12860169,cancer,cancer,True,0.0,7,9
PMC9205703,PMC9304584,cancer,cancer,True,0.09090909090909091,7,5
PMC9205703,PMC11427391,cancer,cancer,True,0.0,7,10
PMC9205703,PMC8096424,cancer,cardiovascular,False,0.0,7,11
PMC9205703,PMC10589944,cancer,cancer,True,0.0,7,12
PMC9205703,PMC12402425,cancer,cancer,True,0.0625,7,10
PMC12014062,PMC10846330,cancer,cancer,True,0.1111111111111111,6,4
PMC12014062,PMC8202066,cancer,cancer,True,0.0,6,12
PMC12014062,PMC8975676,cancer,cardiovascular,False,0.2222222222222222,6,5
PMC12014062,PMC11114218,cancer,cardiovascular,False,0.0,6,10
PMC12014062,PMC12246733,cancer,cancer,True,0.08333333333333333,6,7
PMC12014062,PMC9936039,cancer,cardiovascular,False,0.0,6,6
PMC12014062,PMC7914091,cancer,cancer,True,0.125,6,30
PMC12014062,PMC12733305,cancer,cancer,True,0.2222222222222222,6,5
PMC12014062,PMC12494972,cancer,cancer,True,0.0,6,5
PMC12014062,PMC11018190,cancer,cancer,True,0.18181818181818182,6,7
PMC12014062,PMC11471080,cancer,cardiovascular,False,0.375,6,5
PMC12014062,PMC11334046,cancer,cancer,True,0.0,6,6
PMC12014062,PMC9869961,cancer,cancer,True,0.0,6,4
PMC12014062,PMC10832243,cancer,cancer,True,0.375,6,5
PMC12014062,PMC8923798,cancer,cancer,True,0.1111111111111111,6,4
PMC12014062,PMC7808160,cancer,cancer,True,0.0,6,7
PMC12014062,PMC9985903,cancer,cancer,True,0.14285714285714285,6,10
PMC12014062,PMC12030508,cancer,cancer,True,0.1,6,16
PMC12014062,PMC8727110,cancer,cancer,True,0.14285714285714285,6,10
PMC12014062,PMC12323944,cancer,cancer,True,0.0625,6,11
PMC12014062,PMC8263254,cancer,cancer,True,0.15789473684210525,6,16
PMC12014062,PMC12582737,cancer,cancer,True,0.2222222222222222,6,5
PMC12014062,PMC10911376,cancer,cancer,True,0.0,6,6
PMC12014062,PMC9704970,cancer,cardiovascular,False,0.07692307692307693,6,8
PMC12014062,PMC12419440,cancer,cancer,True,0.5,6,6
PMC12014062,PMC11770944,cancer,cardiovascular,False,0.058823529411764705,6,12
PMC12014062,PMC9393234,cancer,cancer,True,0.14285714285714285,6,10
PMC12014062,PMC9526650,cancer,cancer,True,0.058823529411764705,6,12
PMC12014062,PMC9192289,cancer,cancer,True,0.21428571428571427,6,11
PMC12014062,PMC9641366,cancer,cardiovascular,False,0.05555555555555555,6,13
PMC12014062,PMC10607277,cancer,cancer,True,0.09090909090909091,6,6
PMC12014062,PMC9992681,cancer,cancer,True,0.06666666666666667,6,10
PMC12014062,PMC12860169,cancer,cancer,True,0.07142857142857142,6,9
PMC12014062,PMC9304584,cancer,cancer,True,0.0,6,5
PMC12014062,PMC11427391,cancer,cancer,True,0.06666666666666667,6,10
PMC12014062,PMC8096424,cancer,cardiovascular,False,0.0625,6,11
PMC12014062,PMC10589944,cancer,cancer,True,0.0,6,12
PMC12014062,PMC12402425,cancer,cancer,True,0.06666666666666667,6,10
PMC10846330,PMC8202066,cancer,cancer,True,0.06666666666666667,4,12
PMC10846330,PMC8975676,cancer,cardiovascular,False,0.125,4,5
PMC10846330,PMC11114218,cancer,cardiovascular,False,0.0,4,10
PMC10846330,PMC12246733,cancer,cancer,True,0.1,4,7
PMC10846330,PMC9936039,cancer,cardiovascular,False,0.1111111111111111,4,6
PMC10846330,PMC7914091,cancer,cancer,True,0.13333333333333333,4,30
PMC10846330,PMC12733305,cancer,cancer,True,0.125,4,5
PMC10846330,PMC12494972,cancer,cancer,True,0.125,4,5
PMC10846330,PMC11018190,cancer,cancer,True,0.2222222222222222,4,7
PMC10846330,PMC11471080,cancer,cardiovascular,False,0.2857142857142857,4,5
PMC10846330,PMC11334046,cancer,cancer,True,0.1111111111111111,4,6
PMC10846330,PMC9869961,cancer,cancer,True,0.0,4,4
PMC10846330,PMC10832243,cancer,cancer,True,0.125,4,5
PMC10846330,PMC8923798,cancer,cancer,True,0.0,4,4
PMC10846330,PMC7808160,cancer,cancer,True,0.0,4,7
PMC10846330,PMC9985903,cancer,cancer,True,0.16666666666666666,4,10
PMC10846330,PMC12030508,cancer,cancer,True,0.05263157894736842,4,16
PMC10846330,PMC8727110,cancer,cancer,True,0.07692307692307693,4,10
PMC10846330,PMC12323944,cancer,cancer,True,0.07142857142857142,4,11
PMC10846330,PMC8263254,cancer,cancer,True,0.17647058823529413,4,16
PMC10846330,PMC12582737,cancer,cancer,True,0.2857142857142857,4,5
PMC10846330,PMC10911376,cancer,cancer,True,0.1111111111111111,4,6
PMC10846330,PMC9704970,cancer,cardiovascular,False,0.09090909090909091,4,8
PMC10846330,PMC12419440,cancer,cancer,True,0.1111111111111111,4,6
PMC10846330,PMC11770944,cancer,cardiovascular,False,0.0,4,12
PMC10846330,PMC9393234,cancer,cancer,True,0.07692307692307693,4,10
PMC10846330,PMC9526650,cancer,cancer,True,0.06666666666666667,4,12
PMC10846330,PMC9192289,cancer,cancer,True,0.25,4,11
PMC10846330,PMC9641366,cancer,cardiovascular,False,0.0,4,13
PMC10846330,PMC10607277,cancer,cancer,True,0.0,4,6
PMC10846330,PMC9992681,cancer,cancer,True,0.07692307692307693,4,10
PMC10846330,PMC12860169,cancer,cancer,True,0.08333333333333333,4,9
PMC10846330,PMC9304584,cancer,cancer,True,0.0,4,5
PMC10846330,PMC11427391,cancer,cancer,True,0.0,4,10
PMC10846330,PMC8096424,cancer,cardiovascular,False,0.0,4,11
PMC10846330,PMC10589944,cancer,cancer,True,0.0,4,12
PMC10846330,PMC12402425,cancer,cancer,True,0.16666666666666666,4,10
PMC8202066,PMC8975676,cancer,cardiovascular,False,0.0625,12,5
PMC8202066,PMC11114218,cancer,cardiovascular,False,0.0,12,10
PMC8202066,PMC12246733,cancer,cancer,True,0.0,12,7
PMC8202066,PMC9936039,cancer,cardiovascular,False,0.0,12,6
PMC8202066,PMC7914091,cancer,cancer,True,0.05,12,30
PMC8202066,PMC12733305,cancer,cancer,True,0.0,12,5
PMC8202066,PMC12494972,cancer,cancer,True,0.0,12,5
PMC8202066,PMC11018190,cancer,cancer,True,0.0,12,7
PMC8202066,PMC11471080,cancer,cardiovascular,False,0.0625,12,5
PMC8202066,PMC11334046,cancer,cancer,True,0.0,12,6
PMC8202066,PMC9869961,cancer,cancer,True,0.0,12,4
PMC8202066,PMC10832243,cancer,cancer,True,0.0,12,5
PMC8202066,PMC8923798,cancer,cancer,True,0.0,12,4
PMC8202066,PMC7808160,cancer,cancer,True,0.0,12,7
PMC8202066,PMC9985903,cancer,cancer,True,0.0,12,10
PMC8202066,PMC12030508,cancer,cancer,True,0.0,12,16
PMC8202066,PMC8727110,cancer,cancer,True,0.0,12,10
PMC8202066,PMC12323944,cancer,cancer,True,0.0,12,11
PMC8202066,PMC8263254,cancer,cancer,True,0.037037037037037035,12,16
PMC8202066,PMC12582737,cancer,cancer,True,0.0,12,5
PMC8202066,PMC10911376,cancer,cancer,True,0.0,12,6
PMC8202066,PMC9704970,cancer,cardiovascular,False,0.0,12,8
PMC8202066,PMC12419440,cancer,cancer,True,0.0,12,6
PMC8202066,PMC11770944,cancer,cardiovascular,False,0.0,12,12
PMC8202066,PMC9393234,cancer,cancer,True,0.0,12,10
PMC8202066,PMC9526650,cancer,cancer,True,0.0,12,12
PMC8202066,PMC9192289,cancer,cancer,True,0.09523809523809523,12,11
PMC8202066,PMC9641366,cancer,cardiovascular,False,0.0,12,13
PMC8202066,PMC10607277,cancer,cancer,True,0.0,12,6
PMC8202066,PMC9992681,cancer,cancer,True,0.0,12,10
PMC8202066,PMC12860169,cancer,cancer,True,0.0,12,9
PMC8202066,PMC9304584,cancer,cancer,True,0.0,12,5
PMC8202066,PMC11427391,cancer,cancer,True,0.0,12,10
PMC8202066,PMC8096424,cancer,cardiovascular,False,0.0,12,11
PMC8202066,PMC10589944,cancer,cancer,True,0.0,12,12
PMC8202066,PMC12402425,cancer,cancer,True,0.0,12,10
PMC8975676,PMC11114218,cardiovascular,cardiovascular,True,0.07142857142857142,5,10
PMC8975676,PMC12246733,cardiovascular,cancer,False,0.09090909090909091,5,7
PMC8975676,PMC9936039,cardiovascular,cardiovascular,True,0.0,5,6
PMC8975676,PMC7914091,cardiovascular,cancer,False,0.12903225806451613,5,30
PMC8975676,PMC12733305,cardiovascular,cancer,False,0.1111111111111111,5,5
PMC8975676,PMC12494972,cardiovascular,cancer,False,0.0,5,5
PMC8975676,PMC11018190,cardiovascular,cancer,False,0.09090909090909091,5,7
PMC8975676,PMC11471080,cardiovascular,cardiovascular,True,0.6666666666666666,5,5
PMC8975676,PMC11334046,cardiovascular,cancer,False,0.0,5,6
PMC8975676,PMC9869961,cardiovascular,cancer,False,0.0,5,4
PMC8975676,PMC10832243,cardiovascular,cancer,False,0.1111111111111111,5,5
PMC8975676,PMC8923798,cardiovascular,cancer,False,0.125,5,4
PMC8975676,PMC7808160,cardiovascular,cancer,False,0.0,5,7
PMC8975676,PMC9985903,cardiovascular,cancer,False,0.07142857142857142,5,10
PMC8975676,PMC12030508,cardiovascular,cancer,False,0.10526315789473684,5,16
PMC8975676,PMC8727110,cardiovascular,cancer,False,0.15384615384615385,5,10
PMC8975676,PMC12323944,cardiovascular,cancer,False,0.14285714285714285,5,11
PMC8975676,PMC8263254,cardiovascular,cancer,False,0.10526315789473684,5,16
PMC8975676,PMC12582737,cardiovascular,cancer,False,0.0,5,5
PMC8975676,PMC10911376,cardiovascular,cancer,False,0.0,5,6
PMC8975676,PMC9704970,cardiovascular,cardiovascular,True,0.0,5,8
PMC8975676,PMC12419440,cardiovascular,cancer,False,0.2222222222222222,5,6
PMC8975676,PMC11770944,cardiovascular,cardiovascular,True,0.0625,5,12
PMC8975676,PMC9393234,cardiovascular,cancer,False,0.15384615384615385,5,10
PMC8975676,PMC9526650,cardiovascular,cancer,False,0.0625,5,12
PMC8975676,PMC9192289,cardiovascular,cancer,False,0.14285714285714285,5,11
PMC8975676,PMC9641366,cardiovascular,cardiovascular,True,0.058823529411764705,5,13
PMC8975676,PMC10607277,cardiovascular,cancer,False,0.0,5,6
PMC8975676,PMC9992681,cardiovascular,cancer,False,0.07142857142857142,5,10
PMC8975676,PMC12860169,cardiovascular,cancer,False,0.0,5,9
PMC8975676,PMC9304584,cardiovascular,cancer,False,0.0,5,5
PMC8975676,PMC11427391,cardiovascular,cancer,False,0.07142857142857142,5,10
PMC8975676,PMC8096424,cardiovascular,cardiovascular,True,0.06666666666666667,5,11
PMC8975676,PMC10589944,cardiovascular,cancer,False,0.0,5,12
PMC8975676,PMC12402425,cardiovascular,cancer,False,0.07142857142857142,5,10
PMC11114218,PMC12246733,cardiovascular,cancer,False,0.0625,10,7
PMC11114218,PMC9936039,cardiovascular,cardiovascular,True,0.0,10,6
PMC11114218,PMC7914091,cardiovascular,cancer,False,0.1111111111111111,10,30
PMC11114218,PMC12733305,cardiovascular,cancer,False,0.0,10,5
PMC11114218,PMC12494972,cardiovascular,cancer,False,0.0,10,5
PMC11114218,PMC11018190,cardiovascular,cancer,False,0.0625,10,7
PMC11114218,PMC11471080,cardiovascular,cardiovascular,True,0.07142857142857142,10,5
PMC11114218,PMC11334046,cardiovascular,cancer,False,0.06666666666666667,10,6
PMC11114218,PMC9869961,cardiovascular,cancer,False,0.0,10,4
PMC11114218,PMC10832243,cardiovascular,cancer,False,0.0,10,5
PMC11114218,PMC8923798,cardiovascular,cancer,False,0.0,10,4
PMC11114218,PMC7808160,cardiovascular,cancer,False,0.0,10,7
PMC11114218,PMC9985903,cardiovascular,cancer,False,0.05263157894736842,10,10
PMC11114218,PMC12030508,cardiovascular,cancer,False,0.13043478260869565,10,16
PMC11114218,PMC8727110,cardiovascular,cancer,False,0.05263157894736842,10,10
PMC11114218,PMC12323944,cardiovascular,cancer,False,0.05,10,11
PMC11114218,PMC8263254,cardiovascular,cancer,False,0.0,10,16
PMC11114218,PMC12582737,cardiovascular,cancer,False,0.0,10,5
PMC11114218,PMC10911376,cardiovascular,cancer,False,0.0,10,6
PMC11114218,PMC9704970,cardiovascular,cardiovascular,True,0.2,10,8
PMC11114218,PMC12419440,cardiovascular,cancer,False,0.0,10,6
PMC11114218,PMC11770944,cardiovascular,cardiovascular,True,0.15789473684210525,10,12
PMC11114218,PMC9393234,cardiovascular,cancer,False,0.1111111111111111,10,10
PMC11114218,PMC9526650,cardiovascular,cancer,False,0.1,10,12
PMC11114218,PMC9192289,cardiovascular,cancer,False,0.05,10,11
PMC11114218,PMC9641366,cardiovascular,cardiovascular,True,0.15,10,13
PMC11114218,PMC10607277,cardiovascular,cancer,False,0.0,10,6
PMC11114218,PMC9992681,cardiovascular,cancer,False,0.05263157894736842,10,10
PMC11114218,PMC12860169,cardiovascular,cancer,False,0.0,10,9
PMC11114218,PMC9304584,cardiovascular,cancer,False,0.07142857142857142,10,5
PMC11114218,PMC11427391,cardiovascular,cancer,False,0.05263157894736842,10,10
PMC11114218,PMC8096424,cardiovascular,cardiovascular,True,0.05,10,11
PMC11114218,PMC10589944,cardiovascular,cancer,False,0.0,10,12
PMC11114218,PMC12402425,cardiovascular,cancer,False,0.1111111111111111,10,10
PMC12246733,PMC9936039,cancer,cardiovascular,False,0.08333333333333333,7,6
PMC12246733,PMC7914091,cancer,cancer,True,0.12121212121212122,7,30
PMC12246733,PMC12733305,cancer,cancer,True,0.09090909090909091,7,5
PMC12246733,PMC12494972,cancer,cancer,True,0.3333333333333333,7,5
PMC12246733,PMC11018190,cancer,cancer,True,0.07692307692307693,7,7
PMC12246733,PMC11471080,cancer,cardiovascular,False,0.09090909090909091,7,5
PMC12246733,PMC11334046,cancer,cancer,True,0.08333333333333333,7,6
PMC12246733,PMC9869961,cancer,cancer,True,0.1,7,4
PMC12246733,PMC10832243,cancer,cancer,True,0.0,7,5
PMC12246733,PMC8923798,cancer,cancer,True,0.0,7,4
PMC12246733,PMC7808160,cancer,cancer,True,0.0,7,7
PMC12246733,PMC9985903,cancer,cancer,True,0.0,7,10
PMC12246733,PMC12030508,cancer,cancer,True,0.15,7,16
PMC12246733,PMC8727110,cancer,cancer,True,0.0,7,10
PMC12246733,PMC12323944,cancer,cancer,True,0.058823529411764705,7,11
PMC12246733,PMC8263254,cancer,cancer,True,0.09523809523809523,7,16
PMC12246733,PMC12582737,cancer,cancer,True,0.09090909090909091,7,5
PMC12246733,PMC10911376,cancer,cancer,True,0.0,7,6
PMC12246733,PMC9704970,cancer,cardiovascular,False,0.0,7,8
PMC12246733,PMC12419440,cancer,cancer,True,0.08333333333333333,7,6
PMC12246733,PMC11770944,cancer,cardiovascular,False,0.0,7,12
PMC12246733,PMC9393234,cancer,cancer,True,0.13333333333333333,7,10
PMC12246733,PMC9526650,cancer,cancer,True,0.11764705882352941,7,12
PMC12246733,PMC9192289,cancer,cancer,True,0.058823529411764705,7,11
PMC12246733,PMC9641366,cancer,cardiovascular,False,0.1111111111111111,7,13
PMC12246733,PMC10607277,cancer,cancer,True,0.08333333333333333,7,6
PMC12246733,PMC9992681,cancer,cancer,True,0.0625,7,10
PMC12246733,PMC12860169,cancer,cancer,True,0.06666666666666667,7,9
PMC12246733,PMC9304584,cancer,cancer,True,0.09090909090909091,7,5
PMC12246733,PMC11427391,cancer,cancer,True,0.0625,7,10
PMC12246733,PMC8096424,cancer,cardiovascular,False,0.058823529411764705,7,11
PMC12246733,PMC10589944,cancer,cancer,True,0.11764705882352941,7,12
PMC12246733,PMC12402425,cancer,cancer,True,0.21428571428571427,7,10
PMC9936039,PMC7914091,cardiovascular,cancer,False,0.09090909090909091,6,30
PMC9936039,PMC12733305,cardiovascular,cancer,False,0.1,6,5
PMC9936039,PMC12494972,cardiovascular,cancer,False,0.1,6,5
PMC9936039,PMC11018190,cardiovascular,cancer,False,0.08333333333333333,6,7
PMC9936039,PMC11471080,cardiovascular,cardiovascular,True,0.0,6,5
PMC9936039,PMC11334046,cardiovascular,cancer,False,0.2,6,6
PMC9936039,PMC9869961,cardiovascular,cancer,False,0.0,6,4
PMC9936039,PMC10832243,cardiovascular,cancer,False,0.0,6,5
PMC9936039,PMC8923798,cardiovascular,cancer,False,0.0,6,4
PMC9936039,PMC7808160,cardiovascular,cancer,False,0.08333333333333333,6,7
PMC9936039,PMC9985903,cardiovascular,cancer,False,0.0,6,10
PMC9936039,PMC12030508,cardiovascular,cancer,False,0.15789473684210525,6,16
PMC9936039,PMC8727110,cardiovascular,cancer,False,0.06666666666666667,6,10
PMC9936039,PMC12323944,cardiovascular,cancer,False,0.0625,6,11
PMC9936039,PMC8263254,cardiovascular,cancer,False,0.1,6,16
PMC9936039,PMC12582737,cardiovascular,cancer,False,0.1,6,5
PMC9936039,PMC10911376,cardiovascular,cancer,False,0.09090909090909091,6,6
PMC9936039,PMC9704970,cardiovascular,cardiovascular,True,0.0,6,8
PMC9936039,PMC12419440,cardiovascular,cancer,False,0.0,6,6
PMC9936039,PMC11770944,cardiovascular,cardiovascular,True,0.058823529411764705,6,12
PMC9936039,PMC9393234,cardiovascular,cancer,False,0.14285714285714285,6,10
PMC9936039,PMC9526650,cardiovascular,cancer,False,0.058823529411764705,6,12
PMC9936039,PMC9192289,cardiovascular,cancer,False,0.0625,6,11
PMC9936039,PMC9641366,cardiovascular,cardiovascular,True,0.05555555555555555,6,13
PMC9936039,PMC10607277,cardiovascular,cancer,False,0.0,6,6
PMC9936039,PMC9992681,cardiovascular,cancer,False,0.06666666666666667,6,10
PMC9936039,PMC12860169,cardiovascular,cancer,False,0.07142857142857142,6,9
PMC9936039,PMC9304584,cardiovascular,cancer,False,0.0,6,5
PMC9936039,PMC11427391,cardiovascular,cancer,False,0.06666666666666667,6,10
PMC9936039,PMC8096424,cardiovascular,cardiovascular,True,0.0,6,11
PMC9936039,PMC10589944,cardiovascular,cancer,False,0.058823529411764705,6,12
PMC9936039,PMC12402425,cardiovascular,cancer,False,0.14285714285714285,6,10
PMC7914091,PMC12733305,cancer,cancer,True,0.12903225806451613,30,5
PMC7914091,PMC12494972,cancer,cancer,True,0.09375,30,5
PMC7914091,PMC11018190,cancer,cancer,True,0.1935483870967742,30,7
PMC7914091,PMC11471080,cancer,cardiovascular,False,0.16666666666666666,30,5
PMC7914091,PMC11334046,cancer,cancer,True,0.058823529411764705,30,6
PMC7914091,PMC9869961,cancer,cancer,True,0.030303030303030304,30,4
PMC7914091,PMC10832243,cancer,cancer,True,0.16666666666666666,30,5
PMC7914091,PMC8923798,cancer,cancer,True,0.030303030303030304,30,4
PMC7914091,PMC7808160,cancer,cancer,True,0.027777777777777776,30,7
PMC7914091,PMC9985903,cancer,cancer,True,0.17647058823529413,30,10
PMC7914091,PMC12030508,cancer,cancer,True,0.21052631578947367,30,16
PMC7914091,PMC8727110,cancer,cancer,True,0.21212121212121213,30,10
PMC7914091,PMC12323944,cancer,cancer,True,0.1388888888888889,30,11
PMC7914091,PMC8263254,cancer,cancer,True,0.35294117647058826,30,16
PMC7914091,PMC12582737,cancer,cancer,True,0.12903225806451613,30,5
PMC7914091,PMC10911376,cancer,cancer,True,0.02857142857142857,30,6
PMC7914091,PMC9704970,cancer,cardiovascular,False,0.11764705882352941,30,8
PMC7914091,PMC12419440,cancer,cancer,True,0.16129032258064516,30,6
PMC7914091,PMC11770944,cancer,cardiovascular,False,0.16666666666666666,30,12
PMC7914091,PMC9393234,cancer,cancer,True,0.17647058823529413,30,10
PMC7914091,PMC9526650,cancer,cancer,True,0.16666666666666666,30,12
PMC7914091,PMC9192289,cancer,cancer,True,0.24242424242424243,30,11
PMC7914091,PMC9641366,cancer,cardiovascular,False,0.13157894736842105,30,13
PMC7914091,PMC10607277,cancer,cancer,True,0.0,30,6
PMC7914091,PMC9992681,cancer,cancer,True,0.21212121212121213,30,10
PMC7914091,PMC12860169,cancer,cancer,True,0.18181818181818182,30,9
PMC7914091,PMC9304584,cancer,cancer,True,0.029411764705882353,30,5
PMC7914091,PMC11427391,cancer,cancer,True,0.08108108108108109,30,10
PMC7914091,PMC8096424,cancer,cardiovascular,False,0.07894736842105263,30,11
PMC7914091,PMC10589944,cancer,cancer,True,0.13513513513513514,30,12
PMC7914091,PMC12402425,cancer,cancer,True,0.21212121212121213,30,10
PMC12733305,PMC12494972,cancer,cancer,True,0.1111111111111111,5,5
PMC12733305,PMC11018190,cancer,cancer,True,0.3333333333333333,5,7
PMC12733305,PMC11471080,cancer,cardiovascular,False,0.1111111111111111,5,5
PMC12733305,PMC11334046,cancer,cancer,True,0.1,5,6
PMC12733305,PMC9869961,cancer,cancer,True,0.125,5,4
PMC12733305,PMC10832243,cancer,cancer,True,0.25,5,5
PMC12733305,PMC8923798,cancer,cancer,True,0.125,5,4
PMC12733305,PMC7808160,cancer,cancer,True,0.0,5,7
PMC12733305,PMC9985903,cancer,cancer,True,0.15384615384615385,5,10
PMC12733305,PMC12030508,cancer,cancer,True,0.23529411764705882,5,16
PMC12733305,PMC8727110,cancer,cancer,True,0.07142857142857142,5,10
PMC12733305,PMC12323944,cancer,cancer,True,0.3333333333333333,5,11
PMC12733305,PMC8263254,cancer,cancer,True,0.3125,5,16
PMC12733305,PMC12582737,cancer,cancer,True,0.25,5,5
PMC12733305,PMC10911376,cancer,cancer,True,0.0,5,6
PMC12733305,PMC9704970,cancer,cardiovascular,False,0.0,5,8
PMC12733305,PMC12419440,cancer,cancer,True,0.375,5,6
PMC12733305,PMC11770944,cancer,cardiovascular,False,0.0625,5,12
PMC12733305,PMC9393234,cancer,cancer,True,0.25,5,10
PMC12733305,PMC9526650,cancer,cancer,True,0.13333333333333333,5,12
PMC12733305,PMC9192289,cancer,cancer,True,0.23076923076923078,5,11
PMC12733305,PMC9641366,cancer,cardiovascular,False,0.0,5,13
PMC12733305,PMC10607277,cancer,cancer,True,0.0,5,6
PMC12733305,PMC9992681,cancer,cancer,True,0.36363636363636365,5,10
PMC12733305,PMC12860169,cancer,cancer,True,0.2727272727272727,5,9
PMC12733305,PMC9304584,cancer,cancer,True,0.0,5,5
PMC12733305,PMC11427391,cancer,cancer,True,0.07142857142857142,5,10
PMC12733305,PMC8096424,cancer,cardiovascular,False,0.23076923076923078,5,11
PMC12733305,PMC10589944,cancer,cancer,True,0.13333333333333333,5,12
PMC12733305,PMC12402425,cancer,cancer,True,0.25,5,10
PMC12494972,PMC11018190,cancer,cancer,True,0.09090909090909091,5,7
PMC12494972,PMC11471080,cancer,cardiovascular,False,0.0,5,5
PMC12494972,PMC11334046,cancer,cancer,True,0.1,5,6
PMC12494972,PMC9869961,cancer,cancer,True,0.125,5,4
PMC12494972,PMC10832243,cancer,cancer,True,0.1111111111111111,5,5
PMC12494972,PMC8923798,cancer,cancer,True,0.0,5,4
PMC12494972,PMC7808160,cancer,cancer,True,0.0,5,7
PMC12494972,PMC9985903,cancer,cancer,True,0.0,5,10
PMC12494972,PMC12030508,cancer,cancer,True,0.16666666666666666,5,16
PMC12494972,PMC8727110,cancer,cancer,True,0.15384615384615385,5,10
PMC12494972,PMC12323944,cancer,cancer,True,0.14285714285714285,5,11
PMC12494972,PMC8263254,cancer,cancer,True,0.16666666666666666,5,16
PMC12494972,PMC12582737,cancer,cancer,True,0.1111111111111111,5,5
PMC12494972,PMC10911376,cancer,cancer,True,0.0,5,6
PMC12494972,PMC9704970,cancer,cardiovascular,False,0.08333333333333333,5,8
PMC12494972,PMC12419440,cancer,cancer,True,0.0,5,6
PMC12494972,PMC11770944,cancer,cardiovascular,False,0.13333333333333333,5,12
PMC12494972,PMC9393234,cancer,cancer,True,0.07142857142857142,5,10
PMC12494972,PMC9526650,cancer,cancer,True,0.13333333333333333,5,12
PMC12494972,PMC9192289,cancer,cancer,True,0.14285714285714285,5,11
PMC12494972,PMC9641366,cancer,cardiovascular,False,0.058823529411764705,5,13
PMC12494972,PMC10607277,cancer,cancer,True,0.1,5,6
PMC12494972,PMC9992681,cancer,cancer,True,0.15384615384615385,5,10
PMC12494972,PMC12860169,cancer,cancer,True,0.07692307692307693,5,9
PMC12494972,PMC9304584,cancer,cancer,True,0.0,5,5
PMC12494972,PMC11427391,cancer,cancer,True,0.07142857142857142,5,10
PMC12494972,PMC8096424,cancer,cardiovascular,False,0.0,5,11
PMC12494972,PMC10589944,cancer,cancer,True,0.0625,5,12
PMC12494972,PMC12402425,cancer,cancer,True,0.07142857142857142,5,10
PMC11018190,PMC11471080,cancer,cardiovascular,False,0.2,7,5
PMC11018190,PMC11334046,cancer,cancer,True,0.18181818181818182,7,6
PMC11018190,PMC9869961,cancer,cancer,True,0.0,7,4
PMC11018190,PMC10832243,cancer,cancer,True,0.3333333333333333,7,5
PMC11018190,PMC8923798,cancer,cancer,True,0.1,7,4
PMC11018190,PMC7808160,cancer,cancer,True,0.0,7,7
PMC11018190,PMC9985903,cancer,cancer,True,0.3076923076923077,7,10
PMC11018190,PMC12030508,cancer,cancer,True,0.15,7,16
PMC11018190,PMC8727110,cancer,cancer,True,0.13333333333333333,7,10
PMC11018190,PMC12323944,cancer,cancer,True,0.2857142857142857,7,11
PMC11018190,PMC8263254,cancer,cancer,True,0.2777777777777778,7,16
PMC11018190,PMC12582737,cancer,cancer,True,0.3333333333333333,7,5
PMC11018190,PMC10911376,cancer,cancer,True,0.0,7,6
PMC11018190,PMC9704970,cancer,cardiovascular,False,0.25,7,8
PMC11018190,PMC12419440,cancer,cancer,True,0.4444444444444444,7,6
PMC11018190,PMC11770944,cancer,cardiovascular,False,0.05555555555555555,7,12
PMC11018190,PMC9393234,cancer,cancer,True,0.13333333333333333,7,10
PMC11018190,PMC9526650,cancer,cancer,True,0.26666666666666666,7,12
PMC11018190,PMC9192289,cancer,cancer,True,0.2857142857142857,7,11
PMC11018190,PMC9641366,cancer,cardiovascular,False,0.05263157894736842,7,13
PMC11018190,PMC10607277,cancer,cancer,True,0.0,7,6
PMC11018190,PMC9992681,cancer,cancer,True,0.3076923076923077,7,10
PMC11018190,PMC12860169,cancer,cancer,True,0.23076923076923078,7,9
PMC11018190,PMC9304584,cancer,cancer,True,0.0,7,5
PMC11018190,PMC11427391,cancer,cancer,True,0.0625,7,10
PMC11018190,PMC8096424,cancer,cardiovascular,False,0.125,7,11
PMC11018190,PMC10589944,cancer,cancer,True,0.05555555555555555,7,12
PMC11018190,PMC12402425,cancer,cancer,True,0.13333333333333333,7,10
PMC11471080,PMC11334046,cardiovascular,cancer,False,0.0,5,6
PMC11471080,PMC9869961,cardiovascular,cancer,False,0.0,5,4
PMC11471080,PMC10832243,cardiovascular,cancer,False,0.25,5,5
PMC11471080,PMC8923798,cardiovascular,cancer,False,0.125,5,4
PMC11471080,PMC7808160,cardiovascular,cancer,False,0.0,5,7
PMC11471080,PMC9985903,cardiovascular,cancer,False,0.15384615384615385,5,10
PMC11471080,PMC12030508,cardiovascular,cancer,False,0.05,5,16
PMC11471080,PMC8727110,cardiovascular,cancer,False,0.25,5,10
PMC11471080,PMC12323944,cardiovascular,cancer,False,0.06666666666666667,5,11
PMC11471080,PMC8263254,cardiovascular,cancer,False,0.16666666666666666,5,16
PMC11471080,PMC12582737,cardiovascular,cancer,False,0.1111111111111111,5,5
PMC11471080,PMC10911376,cardiovascular,cancer,False,0.0,5,6
PMC11471080,PMC9704970,cardiovascular,cardiovascular,True,0.08333333333333333,5,8
PMC11471080,PMC12419440,cardiovascular,cancer,False,0.375,5,6
PMC11471080,PMC11770944,cardiovascular,cardiovascular,True,0.0625,5,12
PMC11471080,PMC9393234,cardiovascular,cancer,False,0.15384615384615385,5,10
PMC11471080,PMC9526650,cardiovascular,cancer,False,0.0625,5,12
PMC11471080,PMC9192289,cardiovascular,cancer,False,0.23076923076923078,5,11
PMC11471080,PMC9641366,cardiovascular,cardiovascular,True,0.058823529411764705,5,13
PMC11471080,PMC10607277,cardiovascular,cancer,False,0.0,5,6
PMC11471080,PMC9992681,cardiovascular,cancer,False,0.07142857142857142,5,10
PMC11471080,PMC12860169,cardiovascular,cancer,False,0.0,5,9
PMC11471080,PMC9304584,cardiovascular,cancer,False,0.0,5,5
PMC11471080,PMC11427391,cardiovascular,cancer,False,0.07142857142857142,5,10
PMC11471080,PMC8096424,cardiovascular,cardiovascular,True,0.06666666666666667,5,11
PMC11471080,PMC10589944,cardiovascular,cancer,False,0.0,5,12
PMC11471080,PMC12402425,cardiovascular,cancer,False,0.07142857142857142,5,10
PMC11334046,PMC9869961,cancer,cancer,True,0.0,6,4
PMC11334046,PMC10832243,cancer,cancer,True,0.0,6,5
PMC11334046,PMC8923798,cancer,cancer,True,0.0,6,4
PMC11334046,PMC7808160,cancer,cancer,True,0.18181818181818182,6,7
PMC11334046,PMC9985903,cancer,cancer,True,0.06666666666666667,6,10
PMC11334046,PMC12030508,cancer,cancer,True,0.1,6,16
PMC11334046,PMC8727110,cancer,cancer,True,0.0,6,10
PMC11334046,PMC12323944,cancer,cancer,True,0.13333333333333333,6,11
PMC11334046,PMC8263254,cancer,cancer,True,0.047619047619047616,6,16
PMC11334046,PMC12582737,cancer,cancer,True,0.1,6,5
PMC11334046,PMC10911376,cancer,cancer,True,0.0,6,6
PMC11334046,PMC9704970,cancer,cardiovascular,False,0.07692307692307693,6,8
PMC11334046,PMC12419440,cancer,cancer,True,0.0,6,6
PMC11334046,PMC11770944,cancer,cardiovascular,False,0.058823529411764705,6,12
PMC11334046,PMC9393234,cancer,cancer,True,0.06666666666666667,6,10
PMC11334046,PMC9526650,cancer,cancer,True,0.125,6,12
PMC11334046,PMC9192289,cancer,cancer,True,0.0625,6,11
PMC11334046,PMC9641366,cancer,cardiovascular,False,0.05555555555555555,6,13
PMC11334046,PMC10607277,cancer,cancer,True,0.0,6,6
PMC11334046,PMC9992681,cancer,cancer,True,0.14285714285714285,6,10
PMC11334046,PMC12860169,cancer,cancer,True,0.07142857142857142,6,9
PMC11334046,PMC9304584,cancer,cancer,True,0.0,6,5
PMC11334046,PMC11427391,cancer,cancer,True,0.0,6,10
PMC11334046,PMC8096424,cancer,cardiovascular,False,0.0,6,11
PMC11334046,PMC10589944,cancer,cancer,True,0.058823529411764705,6,12
PMC11334046,PMC12402425,cancer,cancer,True,0.06666666666666667,6,10
PMC9869961,PMC10832243,cancer,cancer,True,0.0,4,5
PMC9869961,PMC8923798,cancer,cancer,True,0.0,4,4
PMC9869961,PMC7808160,cancer,cancer,True,0.1,4,7
PMC9869961,PMC9985903,cancer,cancer,True,0.0,4,10
PMC9869961,PMC12030508,cancer,cancer,True,0.05263157894736842,4,16
PMC9869961,PMC8727110,cancer,cancer,True,0.0,4,10
PMC9869961,PMC12323944,cancer,cancer,True,0.07142857142857142,4,11
PMC9869961,PMC8263254,cancer,cancer,True,0.05263157894736842,4,16
PMC9869961,PMC12582737,cancer,cancer,True,0.0,4,5
PMC9869961,PMC10911376,cancer,cancer,True,0.1111111111111111,4,6
PMC9869961,PMC9704970,cancer,cardiovascular,False,0.0,4,8
PMC9869961,PMC12419440,cancer,cancer,True,0.0,4,6
PMC9869961,PMC11770944,cancer,cardiovascular,False,0.0,4,12
PMC9869961,PMC9393234,cancer,cancer,True,0.0,4,10
PMC9869961,PMC9526650,cancer,cancer,True,0.0,4,12
PMC9869961,PMC9192289,cancer,cancer,True,0.0,4,11
PMC9869961,PMC9641366,cancer,cardiovascular,False,0.0,4,13
PMC9869961,PMC10607277,cancer,cancer,True,0.1111111111111111,4,6
PMC9869961,PMC9992681,cancer,cancer,True,0.07692307692307693,4,10
PMC9869961,PMC12860169,cancer,cancer,True,0.08333333333333333,4,9
PMC9869961,PMC9304584,cancer,cancer,True,0.0,4,5
PMC9869961,PMC11427391,cancer,cancer,True,0.0,4,10
PMC9869961,PMC8096424,cancer,cardiovascular,False,0.07142857142857142,4,11
PMC9869961,PMC10589944,cancer,cancer,True,0.06666666666666667,4,12
PMC9869961,PMC12402425,cancer,cancer,True,0.07692307692307693,4,10
PMC10832243,PMC8923798,cancer,cancer,True,0.125,5,4
PMC10832243,PMC7808160,cancer,cancer,True,0.0,5,7
PMC10832243,PMC9985903,cancer,cancer,True,0.15384615384615385,5,10
PMC10832243,PMC12030508,cancer,cancer,True,0.10526315789473684,5,16
PMC10832243,PMC8727110,cancer,cancer,True,0.25,5,10
PMC10832243,PMC12323944,cancer,cancer,True,0.06666666666666667,5,11
PMC10832243,PMC8263254,cancer,cancer,True,0.3125,5,16
PMC10832243,PMC12582737,cancer,cancer,True,0.42857142857142855,5,5
PMC10832243,PMC10911376,cancer,cancer,True,0.0,5,6
PMC10832243,PMC9704970,cancer,cardiovascular,False,0.18181818181818182,5,8
PMC10832243,PMC12419440,cancer,cancer,True,0.5714285714285714,5,6
PMC10832243,PMC11770944,cancer,cardiovascular,False,0.13333333333333333,5,12
PMC10832243,PMC9393234,cancer,cancer,True,0.15384615384615385,5,10
PMC10832243,PMC9526650,cancer,cancer,True,0.13333333333333333,5,12
PMC10832243,PMC9192289,cancer,cancer,True,0.45454545454545453,5,11
PMC10832243,PMC9641366,cancer,cardiovascular,False,0.0,5,13
PMC10832243,PMC10607277,cancer,cancer,True,0.0,5,6
PMC10832243,PMC9992681,cancer,cancer,True,0.07142857142857142,5,10
PMC10832243,PMC12860169,cancer,cancer,True,0.16666666666666666,5,9
PMC10832243,PMC9304584,cancer,cancer,True,0.0,5,5
PMC10832243,PMC11427391,cancer,cancer,True,0.07142857142857142,5,10
PMC10832243,PMC8096424,cancer,cardiovascular,False,0.06666666666666667,5,11
PMC10832243,PMC10589944,cancer,cancer,True,0.0,5,12
PMC10832243,PMC12402425,cancer,cancer,True,0.07142857142857142,5,10
PMC8923798,PMC7808160,cancer,cancer,True,0.0,4,7
PMC8923798,PMC9985903,cancer,cancer,True,0.07692307692307693,4,10
PMC8923798,PMC12030508,cancer,cancer,True,0.05263157894736842,4,16
PMC8923798,PMC8727110,cancer,cancer,True,0.07692307692307693,4,10
PMC8923798,PMC12323944,cancer,cancer,True,0.07142857142857142,4,11
PMC8923798,PMC8263254,cancer,cancer,True,0.1111111111111111,4,16
PMC8923798,PMC12582737,cancer,cancer,True,0.0,4,5
PMC8923798,PMC10911376,cancer,cancer,True,0.0,4,6
PMC8923798,PMC9704970,cancer,cardiovascular,False,0.0,4,8
PMC8923798,PMC12419440,cancer,cancer,True,0.1111111111111111,4,6
PMC8923798,PMC11770944,cancer,cardiovascular,False,0.0,4,12
PMC8923798,PMC9393234,cancer,cancer,True,0.07692307692307693,4,10
PMC8923798,PMC9526650,cancer,cancer,True,0.06666666666666667,4,12
PMC8923798,PMC9192289,cancer,cancer,True,0.15384615384615385,4,11
PMC8923798,PMC9641366,cancer,cardiovascular,False,0.0,4,13
PMC8923798,PMC10607277,cancer,cancer,True,0.1111111111111111,4,6
PMC8923798,PMC9992681,cancer,cancer,True,0.07692307692307693,4,10
PMC8923798,PMC12860169,cancer,cancer,True,0.08333333333333333,4,9
PMC8923798,PMC9304584,cancer,cancer,True,0.0,4,5
PMC8923798,PMC11427391,cancer,cancer,True,0.0,4,10
PMC8923798,PMC8096424,cancer,cardiovascular,False,0.07142857142857142,4,11
PMC8923798,PMC10589944,cancer,cancer,True,0.0,4,12
PMC8923798,PMC12402425,cancer,cancer,True,0.07692307692307693,4,10
PMC7808160,PMC9985903,cancer,cancer,True,0.0,7,10
PMC7808160,PMC12030508,cancer,cancer,True,0.09523809523809523,7,16
PMC7808160,PMC8727110,cancer,cancer,True,0.0,7,10
PMC7808160,PMC12323944,cancer,cancer,True,0.0,7,11
PMC7808160,PMC8263254,cancer,cancer,True,0.045454545454545456,7,16
PMC7808160,PMC12582737,cancer,cancer,True,0.0,7,5
PMC7808160,PMC10911376,cancer,cancer,True,0.08333333333333333,7,6
PMC7808160,PMC9704970,cancer,cardiovascular,False,0.0,7,8
PMC7808160,PMC12419440,cancer,cancer,True,0.0,7,6
PMC7808160,PMC11770944,cancer,cardiovascular,False,0.05555555555555555,7,12
PMC7808160,PMC9393234,cancer,cancer,True,0.0625,7,10
PMC7808160,PMC9526650,cancer,cancer,True,0.05555555555555555,7,12
PMC7808160,PMC9192289,cancer,cancer,True,0.0,7,11
PMC7808160,PMC9641366,cancer,cardiovascular,False,0.0,7,13
PMC7808160,PMC10607277,cancer,cancer,True,0.0,7,6
PMC7808160,PMC9992681,cancer,cancer,True,0.0,7,10
PMC7808160,PMC12860169,cancer,cancer,True,0.0,7,9
PMC7808160,PMC9304584,cancer,cancer,True,0.0,7,5
PMC7808160,PMC11427391,cancer,cancer,True,0.0625,7,10
PMC7808160,PMC8096424,cancer,cardiovascular,False,0.0,7,11
PMC7808160,PMC10589944,cancer,cancer,True,0.0,7,12
PMC7808160,PMC12402425,cancer,cancer,True,0.0625,7,10
PMC9985903,PMC12030508,cancer,cancer,True,0.08333333333333333,10,16
PMC9985903,PMC8727110,cancer,cancer,True,0.25,10,10
PMC9985903,PMC12323944,cancer,cancer,True,0.23529411764705882,10,11
PMC9985903,PMC8263254,cancer,cancer,True,0.13043478260869565,10,16
PMC9985903,PMC12582737,cancer,cancer,True,0.07142857142857142,10,5
PMC9985903,PMC10911376,cancer,cancer,True,0.06666666666666667,10,6
PMC9985903,PMC9704970,cancer,cardiovascular,False,0.125,10,8
PMC9985903,PMC12419440,cancer,cancer,True,0.23076923076923078,10,6
PMC9985903,PMC11770944,cancer,cardiovascular,False,0.047619047619047616,10,12
PMC9985903,PMC9393234,cancer,cancer,True,0.05263157894736842,10,10
PMC9985903,PMC9526650,cancer,cancer,True,0.2222222222222222,10,12
PMC9985903,PMC9192289,cancer,cancer,True,0.10526315789473684,10,11
PMC9985903,PMC9641366,cancer,cardiovascular,False,0.09523809523809523,10,13
PMC9985903,PMC10607277,cancer,cancer,True,0.0,10,6
PMC9985903,PMC9992681,cancer,cancer,True,0.3333333333333333,10,10
PMC9985903,PMC12860169,cancer,cancer,True,0.0,10,9
PMC9985903,PMC9304584,cancer,cancer,True,0.0,10,5
PMC9985903,PMC11427391,cancer,cancer,True,0.05263157894736842,10,10
PMC9985903,PMC8096424,cancer,cardiovascular,False,0.10526315789473684,10,11
PMC9985903,PMC10589944,cancer,cancer,True,0.047619047619047616,10,12
PMC9985903,PMC12402425,cancer,cancer,True,0.1111111111111111,10,10
PMC12030508,PMC8727110,cancer,cancer,True,0.08333333333333333,16,10
PMC12030508,PMC12323944,cancer,cancer,True,0.2857142857142857,16,11
PMC12030508,PMC8263254,cancer,cancer,True,0.23076923076923078,16,16
PMC12030508,PMC12582737,cancer,cancer,True,0.10526315789473684,16,5
PMC12030508,PMC10911376,cancer,cancer,True,0.0,16,6
PMC12030508,PMC9704970,cancer,cardiovascular,False,0.09090909090909091,16,8
PMC12030508,PMC12419440,cancer,cancer,True,0.1,16,6
PMC12030508,PMC11770944,cancer,cardiovascular,False,0.21739130434782608,16,12
PMC12030508,PMC9393234,cancer,cancer,True,0.23809523809523808,16,10
PMC12030508,PMC9526650,cancer,cancer,True,0.21739130434782608,16,12
PMC12030508,PMC9192289,cancer,cancer,True,0.125,16,11
PMC12030508,PMC9641366,cancer,cardiovascular,False,0.07407407407407407,16,13
PMC12030508,PMC10607277,cancer,cancer,True,0.0,16,6
PMC12030508,PMC9992681,cancer,cancer,True,0.23809523809523808,16,10
PMC12030508,PMC12860169,cancer,cancer,True,0.13636363636363635,16,9
PMC12030508,PMC9304584,cancer,cancer,True,0.05,16,5
PMC12030508,PMC11427391,cancer,cancer,True,0.04,16,10
PMC12030508,PMC8096424,cancer,cardiovascular,False,0.17391304347826086,16,11
PMC12030508,PMC10589944,cancer,cancer,True,0.07692307692307693,16,12
PMC12030508,PMC12402425,cancer,cancer,True,0.23809523809523808,16,10
PMC8727110,PMC12323944,cancer,cancer,True,0.10526315789473684,10,11
PMC8727110,PMC8263254,cancer,cancer,True,0.23809523809523808,10,16
PMC8727110,PMC12582737,cancer,cancer,True,0.07142857142857142,10,5
PMC8727110,PMC10911376,cancer,cancer,True,0.0,10,6
PMC8727110,PMC9704970,cancer,cardiovascular,False,0.125,10,8
PMC8727110,PMC12419440,cancer,cancer,True,0.14285714285714285,10,6
PMC8727110,PMC11770944,cancer,cardiovascular,False,0.15789473684210525,10,12
PMC8727110,PMC9393234,cancer,cancer,True,0.1111111111111111,10,10
PMC8727110,PMC9526650,cancer,cancer,True,0.1,10,12
PMC8727110,PMC9192289,cancer,cancer,True,0.16666666666666666,10,11
PMC8727110,PMC9641366,cancer,cardiovascular,False,0.09523809523809523,10,13
PMC8727110,PMC10607277,cancer,cancer,True,0.0,10,6
PMC8727110,PMC9992681,cancer,cancer,True,0.17647058823529413,10,10
PMC8727110,PMC12860169,cancer,cancer,True,0.0,10,9
PMC8727110,PMC9304584,cancer,cancer,True,0.0,10,5
PMC8727110,PMC11427391,cancer,cancer,True,0.1111111111111111,10,10
PMC8727110,PMC8096424,cancer,cardiovascular,False,0.05,10,11
PMC8727110,PMC10589944,cancer,cancer,True,0.047619047619047616,10,12
PMC8727110,PMC12402425,cancer,cancer,True,0.05263157894736842,10,10
PMC12323944,PMC8263254,cancer,cancer,True,0.22727272727272727,11,16
PMC12323944,PMC12582737,cancer,cancer,True,0.06666666666666667,11,5
PMC12323944,PMC10911376,cancer,cancer,True,0.0,11,6
PMC12323944,PMC9704970,cancer,cardiovascular,False,0.11764705882352941,11,8
PMC12323944,PMC12419440,cancer,cancer,True,0.13333333333333333,11,6
PMC12323944,PMC11770944,cancer,cardiovascular,False,0.09523809523809523,11,12
PMC12323944,PMC9393234,cancer,cancer,True,0.16666666666666666,11,10
PMC12323944,PMC9526650,cancer,cancer,True,0.15,11,12
PMC12323944,PMC9192289,cancer,cancer,True,0.1,11,11
PMC12323944,PMC9641366,cancer,cardiovascular,False,0.09090909090909091,11,13
PMC12323944,PMC10607277,cancer,cancer,True,0.0625,11,6
PMC12323944,PMC9992681,cancer,cancer,True,0.5,11,10
PMC12323944,PMC12860169,cancer,cancer,True,0.17647058823529413,11,9
PMC12323944,PMC9304584,cancer,cancer,True,0.0,11,5
PMC12323944,PMC11427391,cancer,cancer,True,0.05,11,10
PMC12323944,PMC8096424,cancer,cardiovascular,False,0.2222222222222222,11,11
PMC12323944,PMC10589944,cancer,cancer,True,0.15,11,12
PMC12323944,PMC12402425,cancer,cancer,True,0.16666666666666666,11,10
PMC8263254,PMC12582737,cancer,cancer,True,0.23529411764705882,16,5
PMC8263254,PMC10911376,cancer,cancer,True,0.0,16,6
PMC8263254,PMC9704970,cancer,cardiovascular,False,0.14285714285714285,16,8
PMC8263254,PMC12419440,cancer,cancer,True,0.29411764705882354,16,6
PMC8263254,PMC11770944,cancer,cardiovascular,False,0.12,16,12
PMC8263254,PMC9393234,cancer,cancer,True,0.13043478260869565,16,10
PMC8263254,PMC9526650,cancer,cancer,True,0.16666666666666666,16,12
PMC8263254,PMC9192289,cancer,cancer,True,0.35,16,11
PMC8263254,PMC9641366,cancer,cardiovascular,False,0.03571428571428571,16,13
PMC8263254,PMC10607277,cancer,cancer,True,0.0,16,6
PMC8263254,PMC9992681,cancer,cancer,True,0.23809523809523808,16,10
PMC8263254,PMC12860169,cancer,cancer,True,0.25,16,9
PMC8263254,PMC9304584,cancer,cancer,True,0.0,16,5
PMC8263254,PMC11427391,cancer,cancer,True,0.08333333333333333,16,10
PMC8263254,PMC8096424,cancer,cardiovascular,False,0.17391304347826086,16,11
PMC8263254,PMC10589944,cancer,cancer,True,0.21739130434782608,16,12
PMC8263254,PMC12402425,cancer,cancer,True,0.18181818181818182,16,10
PMC12582737,PMC10911376,cancer,cancer,True,0.0,5,6
PMC12582737,PMC9704970,cancer,cardiovascular,False,0.3,5,8
PMC12582737,PMC12419440,cancer,cancer,True,0.375,5,6
PMC12582737,PMC11770944,cancer,cardiovascular,False,0.13333333333333333,5,12
PMC12582737,PMC9393234,cancer,cancer,True,0.15384615384615385,5,10
PMC12582737,PMC9526650,cancer,cancer,True,0.21428571428571427,5,12
PMC12582737,PMC9192289,cancer,cancer,True,0.3333333333333333,5,11
PMC12582737,PMC9641366,cancer,cardiovascular,False,0.058823529411764705,5,13
PMC12582737,PMC10607277,cancer,cancer,True,0.1,5,6
PMC12582737,PMC9992681,cancer,cancer,True,0.07142857142857142,5,10
PMC12582737,PMC12860169,cancer,cancer,True,0.2727272727272727,5,9
PMC12582737,PMC9304584,cancer,cancer,True,0.0,5,5
PMC12582737,PMC11427391,cancer,cancer,True,0.0,5,10
PMC12582737,PMC8096424,cancer,cardiovascular,False,0.0,5,11
PMC12582737,PMC10589944,cancer,cancer,True,0.0,5,12
PMC12582737,PMC12402425,cancer,cancer,True,0.07142857142857142,5,10
PMC10911376,PMC9704970,cancer,cardiovascular,False,0.0,6,8
PMC10911376,PMC12419440,cancer,cancer,True,0.0,6,6
PMC10911376,PMC11770944,cancer,cardiovascular,False,0.0,6,12
PMC10911376,PMC9393234,cancer,cancer,True,0.0,6,10
PMC10911376,PMC9526650,cancer,cancer,True,0.0,6,12
PMC10911376,PMC9192289,cancer,cancer,True,0.0,6,11
PMC10911376,PMC9641366,cancer,cardiovascular,False,0.0,6,13
PMC10911376,PMC10607277,cancer,cancer,True,0.0,6,6
PMC10911376,PMC9992681,cancer,cancer,True,0.0,6,10
PMC10911376,PMC12860169,cancer,cancer,True,0.0,6,9
PMC10911376,PMC9304584,cancer,cancer,True,0.0,6,5
PMC10911376,PMC11427391,cancer,cancer,True,0.0,6,10
PMC10911376,PMC8096424,cancer,cardiovascular,False,0.0,6,11
PMC10911376,PMC10589944,cancer,cancer,True,0.0,6,12
PMC10911376,PMC12402425,cancer,cancer,True,0.06666666666666667,6,10
PMC9704970,PMC12419440,cardiovascular,cancer,False,0.16666666666666666,8,6
PMC9704970,PMC11770944,cardiovascular,cardiovascular,True,0.17647058823529413,8,12
PMC9704970,PMC9393234,cardiovascular,cancer,False,0.0,8,10
PMC9704970,PMC9526650,cardiovascular,cancer,False,0.25,8,12
PMC9704970,PMC9192289,cardiovascular,cancer,False,0.1875,8,11
PMC9704970,PMC9641366,cardiovascular,cardiovascular,True,0.23529411764705882,8,13
PMC9704970,PMC10607277,cardiovascular,cancer,False,0.07692307692307693,8,6
PMC9704970,PMC9992681,cardiovascular,cancer,False,0.125,8,10
PMC9704970,PMC12860169,cardiovascular,cancer,False,0.0625,8,9
PMC9704970,PMC9304584,cardiovascular,cancer,False,0.0,8,5
PMC9704970,PMC11427391,cardiovascular,cancer,False,0.058823529411764705,8,10
PMC9704970,PMC8096424,cardiovascular,cardiovascular,True,0.0,8,11
PMC9704970,PMC10589944,cardiovascular,cancer,False,0.05263157894736842,8,12
PMC9704970,PMC12402425,cardiovascular,cancer,False,0.058823529411764705,8,10
PMC12419440,PMC11770944,cancer,cardiovascular,False,0.058823529411764705,6,12
PMC12419440,PMC9393234,cancer,cancer,True,0.14285714285714285,6,10
PMC12419440,PMC9526650,cancer,cancer,True,0.125,6,12
PMC12419440,PMC9192289,cancer,cancer,True,0.3076923076923077,6,11
PMC12419440,PMC9641366,cancer,cardiovascular,False,0.05555555555555555,6,13
PMC12419440,PMC10607277,cancer,cancer,True,0.0,6,6
PMC12419440,PMC9992681,cancer,cancer,True,0.14285714285714285,6,10
PMC12419440,PMC12860169,cancer,cancer,True,0.15384615384615385,6,9
PMC12419440,PMC9304584,cancer,cancer,True,0.0,6,5
PMC12419440,PMC11427391,cancer,cancer,True,0.14285714285714285,6,10
PMC12419440,PMC8096424,cancer,cardiovascular,False,0.13333333333333333,6,11
PMC12419440,PMC10589944,cancer,cancer,True,0.058823529411764705,6,12
PMC12419440,PMC12402425,cancer,cancer,True,0.06666666666666667,6,10
PMC11770944,PMC9393234,cardiovascular,cancer,False,0.15789473684210525,12,10
PMC11770944,PMC9526650,cardiovascular,cancer,False,0.09090909090909091,12,12
PMC11770944,PMC9192289,cardiovascular,cancer,False,0.09523809523809523,12,11
PMC11770944,PMC9641366,cardiovascular,cardiovascular,True,0.08695652173913043,12,13
PMC11770944,PMC10607277,cardiovascular,cancer,False,0.058823529411764705,12,6
PMC11770944,PMC9992681,cardiovascular,cancer,False,0.1,12,10
PMC11770944,PMC12860169,cardiovascular,cancer,False,0.05,12,9
PMC11770944,PMC9304584,cardiovascular,cancer,False,0.0,12,5
PMC11770944,PMC11427391,cardiovascular,cancer,False,0.1,12,10
PMC11770944,PMC8096424,cardiovascular,cardiovascular,True,0.0,12,11
PMC11770944,PMC10589944,cardiovascular,cancer,False,0.043478260869565216,12,12
PMC11770944,PMC12402425,cardiovascular,cancer,False,0.047619047619047616,12,10
PMC9393234,PMC9526650,cancer,cancer,True,0.15789473684210525,10,12
PMC9393234,PMC9192289,cancer,cancer,True,0.16666666666666666,10,11
PMC9393234,PMC9641366,cancer,cardiovascular,False,0.09523809523809523,10,13
PMC9393234,PMC10607277,cancer,cancer,True,0.06666666666666667,10,6
PMC9393234,PMC9992681,cancer,cancer,True,0.1111111111111111,10,10
PMC9393234,PMC12860169,cancer,cancer,True,0.1875,10,9
PMC9393234,PMC9304584,cancer,cancer,True,0.07142857142857142,10,5
PMC9393234,PMC11427391,cancer,cancer,True,0.05263157894736842,10,10
PMC9393234,PMC8096424,cancer,cardiovascular,False,0.10526315789473684,10,11
PMC9393234,PMC10589944,cancer,cancer,True,0.0,10,12
PMC9393234,PMC12402425,cancer,cancer,True,0.3333333333333333,10,10
PMC9526650,PMC9192289,cancer,cancer,True,0.15,12,11
PMC9526650,PMC9641366,cancer,cardiovascular,False,0.3157894736842105,12,13
PMC9526650,PMC10607277,cancer,cancer,True,0.058823529411764705,12,6
PMC9526650,PMC9992681,cancer,cancer,True,0.2222222222222222,12,10
PMC9526650,PMC12860169,cancer,cancer,True,0.10526315789473684,12,9
PMC9526650,PMC9304584,cancer,cancer,True,0.0,12,5
PMC9526650,PMC11427391,cancer,cancer,True,0.047619047619047616,12,10
PMC9526650,PMC8096424,cancer,cardiovascular,False,0.045454545454545456,12,11
PMC9526650,PMC10589944,cancer,cancer,True,0.0,12,12
PMC9526650,PMC12402425,cancer,cancer,True,0.2222222222222222,12,10
PMC9192289,PMC9641366,cancer,cardiovascular,False,0.043478260869565216,11,13
PMC9192289,PMC10607277,cancer,cancer,True,0.0,11,6
PMC9192289,PMC9992681,cancer,cancer,True,0.10526315789473684,11,10
PMC9192289,PMC12860169,cancer,cancer,True,0.17647058823529413,11,9
PMC9192289,PMC9304584,cancer,cancer,True,0.0,11,5
PMC9192289,PMC11427391,cancer,cancer,True,0.05,11,10
PMC9192289,PMC8096424,cancer,cardiovascular,False,0.047619047619047616,11,11
PMC9192289,PMC10589944,cancer,cancer,True,0.0,11,12
PMC9192289,PMC12402425,cancer,cancer,True,0.10526315789473684,11,10
PMC9641366,PMC10607277,cardiovascular,cancer,False,0.1875,13,6
PMC9641366,PMC9992681,cardiovascular,cancer,False,0.09523809523809523,13,10
PMC9641366,PMC12860169,cardiovascular,cancer,False,0.047619047619047616,13,9
PMC9641366,PMC9304584,cardiovascular,cancer,False,0.0,13,5
PMC9641366,PMC11427391,cardiovascular,cancer,False,0.09523809523809523,13,10
PMC9641366,PMC8096424,cardiovascular,cardiovascular,True,0.0,13,11
PMC9641366,PMC10589944,cardiovascular,cancer,False,0.0,13,12
PMC9641366,PMC12402425,cardiovascular,cancer,False,0.09523809523809523,13,10
PMC10607277,PMC9992681,cancer,cancer,True,0.0,6,10
PMC10607277,PMC12860169,cancer,cancer,True,0.07142857142857142,6,9
PMC10607277,PMC9304584,cancer,cancer,True,0.0,6,5
PMC10607277,PMC11427391,cancer,cancer,True,0.0,6,10
PMC10607277,PMC8096424,cancer,cardiovascular,False,0.0,6,11
PMC10607277,PMC10589944,cancer,cancer,True,0.0,6,12
PMC10607277,PMC12402425,cancer,cancer,True,0.0,6,10
PMC9992681,PMC12860169,cancer,cancer,True,0.11764705882352941,10,9
PMC9992681,PMC9304584,cancer,cancer,True,0.0,10,5
PMC9992681,PMC11427391,cancer,cancer,True,0.05263157894736842,10,10
PMC9992681,PMC8096424,cancer,cardiovascular,False,0.16666666666666666,10,11
PMC9992681,PMC10589944,cancer,cancer,True,0.2222222222222222,10,12
PMC9992681,PMC12402425,cancer,cancer,True,0.17647058823529413,10,10
PMC12860169,PMC9304584,cancer,cancer,True,0.0,9,5
PMC12860169,PMC11427391,cancer,cancer,True,0.0,9,10
PMC12860169,PMC8096424,cancer,cardiovascular,False,0.05263157894736842,9,11
PMC12860169,PMC10589944,cancer,cancer,True,0.05,9,12
PMC12860169,PMC12402425,cancer,cancer,True,0.11764705882352941,9,10
PMC9304584,PMC11427391,cancer,cancer,True,0.0,5,10
PMC9304584,PMC8096424,cancer,cardiovascular,False,0.06666666666666667,5,11
PMC9304584,PMC10589944,cancer,cancer,True,0.0,5,12
PMC9304584,PMC12402425,cancer,cancer,True,0.07142857142857142,5,10
PMC11427391,PMC8096424,cancer,cardiovascular,False,0.05,10,11
PMC11427391,PMC10589944,cancer,cancer,True,0.047619047619047616,10,12
PMC11427391,PMC12402425,cancer,cancer,True,0.1111111111111111,10,10
PMC8096424,PMC10589944,cardiovascular,cancer,False,0.09523809523809523,11,12
PMC8096424,PMC12402425,cardiovascular,cancer,False,0.16666666666666666,11,10
PMC10589944,PMC12402425,cancer,cancer,True,0.1,12,10
