ligand_std,n,mean_score,sd_score,dual_chain_fraction,mean_total_contacts,mean_optn_contacts,mean_tbk1_contacts,strong_cleft_fraction,res50_within_8A_fraction,mean_dist_res50,mean_median_rmsd,low_rmsd_system_fraction,stage16_preliminary_verdict
Linarin,64,-5.8165625,0.4788404935403523,1.0,9.5,4.6875,4.8125,0.96875,0.90625,5.542775376184438,9.22427378532261,0.0,Method/glycoside size-bias caution case; not main | Stage16 contact gate: passes automated dual-chain/contact screen; pose reproducibility variable/manual review needed
Berberine,40,-5.795975,0.11322464339442567,1.0,6.8,3.8,3.0,0.9,0.675,7.451886872084192,5.643787414310987,0.25,Comparison/reference; not main | Stage16 contact gate: passes automated dual-chain/contact screen; pose reproducibility variable/manual review needed
Quercetin,40,-5.5701,0.33197465148828625,1.0,7.725,4.725,3.0,0.875,0.775,5.529694846329597,7.1015052580971165,0.0,Control/reference; not a hit | Stage16 contact gate: passes automated dual-chain/contact screen; pose reproducibility variable/manual review needed
Amlexanox,40,-5.3895,0.40552763983071066,1.0,7.1,3.825,3.275,1.0,0.75,5.567864817864867,5.919905250578078,0.0,Control/reference; not a hit | Stage16 contact gate: passes automated dual-chain/contact screen; pose reproducibility variable/manual review needed
Acacetin,40,-5.55505,0.36597134187928304,0.975,7.15,4.125,3.025,0.9,0.75,6.798299785895256,4.196982254623592,0.5,Comparison/reference; not main | Stage16 contact gate: passes automated dual-chain/contact screen; pose reproducibility moderate
Tanshinone_IIA,24,-6.105708333333333,0.35904916451125735,0.9583333333333334,5.791666666666667,3.4166666666666665,2.375,0.875,0.875,5.434995021073719,5.584544897588663,0.25,New scaffold candidate; require flat-aromatic/scaffold-bias visual check | Stage16 contact gate: passes automated dual-chain/contact screen; pose reproducibility variable/manual review needed
Tanshinone_I,24,-6.007041666666667,0.35650422025267925,0.9583333333333334,5.958333333333333,3.0416666666666665,2.9166666666666665,0.7916666666666666,0.6666666666666666,6.6382303528435935,7.259132787453378,0.375,Conditional/supplementary; lower priority than Crypto/T-IIA | Stage16 contact gate: passes automated dual-chain/contact screen; pose reproducibility variable/manual review needed
Coptisine,64,-6.49259375,0.25146275048394845,0.953125,6.25,3.40625,2.84375,0.84375,0.59375,8.18608568874399,4.0490302552823225,0.75,Main candidate; MM-GBSA priority if manual visual check confirms cleft burial | Stage16 contact gate: passes automated dual-chain/contact screen; pose reproducibility moderate
Cryptotanshinone,24,-6.185833333333334,0.32238225577810503,0.9166666666666666,6.083333333333333,3.2916666666666665,2.7916666666666665,0.9166666666666666,0.75,6.571207946657509,4.384726230740713,0.5,New scaffold candidate; require flat-aromatic/scaffold-bias visual check | Stage16 contact gate: passes automated dual-chain/contact screen; pose reproducibility moderate
